"STATION","NAME","DATE","PRCP","TAVG","TMAX","TMIN"
"IN022023000","NEW DELHI PALAM, IN","2020-01-01",,"53",,"38"
"IN022023000","NEW DELHI PALAM, IN","2020-01-02",,"59","70","42"
"IN022023000","NEW DELHI PALAM, IN","2020-01-03",,"60",,"47"
"IN022023000","NEW DELHI PALAM, IN","2020-01-04",,"58","72","47"
"IN022023000","NEW DELHI PALAM, IN","2020-01-05",,"58","69","45"
"IN022023000","NEW DELHI PALAM, IN","2020-01-06",,"58","69","49"
"IN022023000","NEW DELHI PALAM, IN","2020-01-07","0.00","59","68",
"IN022023000","NEW DELHI PALAM, IN","2020-01-08","0.20","55","66",
"IN022023000","NEW DELHI PALAM, IN","2020-01-09","0.39","49","58",
"IN022023000","NEW DELHI PALAM, IN","2020-01-10","0.00","49",,"42"
"IN022023000","NEW DELHI PALAM, IN","2020-01-11",,"54",,"42"
"IN022023000","NEW DELHI PALAM, IN","2020-01-12",,"58",,"46"
"IN022023000","NEW DELHI PALAM, IN","2020-01-13",,"60","70","49"
"IN022023000","NEW DELHI PALAM, IN","2020-01-14",,"55","69",
"IN022023000","NEW DELHI PALAM, IN","2020-01-15",,"56",,"44"
"IN022023000","NEW DELHI PALAM, IN","2020-01-16","0.01","54","65",
"IN022023000","NEW DELHI PALAM, IN","2020-01-17","0.79","55",,"51"
"IN022023000","NEW DELHI PALAM, IN","2020-01-18","0.00","54","61",
"IN022023000","NEW DELHI PALAM, IN","2020-01-19",,"50","60","43"
"IN022023000","NEW DELHI PALAM, IN","2020-01-20",,"53","60","46"
"IN022023000","NEW DELHI PALAM, IN","2020-01-21",,"56",,"48"
"IN022023000","NEW DELHI PALAM, IN","2020-01-22",,"52","67","47"
"IN022023000","NEW DELHI PALAM, IN","2020-01-23",,"55",,"44"
"IN022023000","NEW DELHI PALAM, IN","2020-01-24",,"56",,
"IN022023000","NEW DELHI PALAM, IN","2020-01-25",,"56","69","43"
"IN022023000","NEW DELHI PALAM, IN","2020-01-26",,"58","70","45"
"IN022023000","NEW DELHI PALAM, IN","2020-01-27",,"61","72","49"
"IN022023000","NEW DELHI PALAM, IN","2020-01-28","0.16","60","72","53"
"IN022023000","NEW DELHI PALAM, IN","2020-01-29","0.12","58","69","49"
"IN022023000","NEW DELHI PALAM, IN","2020-01-30","0.00","57","68","46"
"IN022023000","NEW DELHI PALAM, IN","2020-01-31",,"53","68","43"
"IN022023000","NEW DELHI PALAM, IN","2020-02-01",,"56",,"44"
"IN022023000","NEW DELHI PALAM, IN","2020-02-02",,"53","68","43"
"IN022023000","NEW DELHI PALAM, IN","2020-02-03",,"57",,"43"
"IN022023000","NEW DELHI PALAM, IN","2020-02-04",,"59","71","44"
"IN022023000","NEW DELHI PALAM, IN","2020-02-05",,"58","72","46"
"IN022023000","NEW DELHI PALAM, IN","2020-02-06",,"55","70","45"
"IN022023000","NEW DELHI PALAM, IN","2020-02-07",,"56",,"44"
"IN022023000","NEW DELHI PALAM, IN","2020-02-08",,"57",,"45"
"IN022023000","NEW DELHI PALAM, IN","2020-02-09",,"58","70","45"
"IN022023000","NEW DELHI PALAM, IN","2020-02-10",,"56","71",
"IN022023000","NEW DELHI PALAM, IN","2020-02-11",,"60","71","44"
"IN022023000","NEW DELHI PALAM, IN","2020-02-12",,"61",,"47"
"IN022023000","NEW DELHI PALAM, IN","2020-02-13",,"66",,"50"
"IN022023000","NEW DELHI PALAM, IN","2020-02-14",,"63","81",
"IN022023000","NEW DELHI PALAM, IN","2020-02-15",,"63","77","47"
"IN022023000","NEW DELHI PALAM, IN","2020-02-16",,"64",,"48"
"IN022023000","NEW DELHI PALAM, IN","2020-02-17",,"64","79","49"
"IN022023000","NEW DELHI PALAM, IN","2020-02-18",,"64","80","48"
"IN022023000","NEW DELHI PALAM, IN","2020-02-19",,"68","80","49"
"IN022023000","NEW DELHI PALAM, IN","2020-02-20",,"69","80","57"
"IN022023000","NEW DELHI PALAM, IN","2020-02-21","0.12","61","82",
"IN022023000","NEW DELHI PALAM, IN","2020-02-22","0.00","65",,"54"
"IN022023000","NEW DELHI PALAM, IN","2020-02-23",,"69",,"56"
"IN022023000","NEW DELHI PALAM, IN","2020-02-24",,"67","79","54"
"IN022023000","NEW DELHI PALAM, IN","2020-02-25",,"67","80","55"
"IN022023000","NEW DELHI PALAM, IN","2020-02-26",,"68","80","57"
"IN022023000","NEW DELHI PALAM, IN","2020-02-27",,"70","81","58"
"IN022023000","NEW DELHI PALAM, IN","2020-02-28",,"70","82","62"
"IN022023000","NEW DELHI PALAM, IN","2020-02-29",,"68","82",
"IN022023000","NEW DELHI PALAM, IN","2020-03-01",,"69","83","57"
"IN022023000","NEW DELHI PALAM, IN","2020-03-02",,"71",,"60"
"IN022023000","NEW DELHI PALAM, IN","2020-03-03",,"71","83","59"
"IN022023000","NEW DELHI PALAM, IN","2020-03-04",,"69","83","59"
"IN022023000","NEW DELHI PALAM, IN","2020-03-05","0.24","66","85","57"
"IN022023000","NEW DELHI PALAM, IN","2020-03-06","0.59","61",,
"IN022023000","NEW DELHI PALAM, IN","2020-03-07","0.87","64",,"54"
"IN022023000","NEW DELHI PALAM, IN","2020-03-08","0.00","65",,"54"
"IN022023000","NEW DELHI PALAM, IN","2020-03-09",,"66",,"54"
"IN022023000","NEW DELHI PALAM, IN","2020-03-10",,"68","80","50"
"IN022023000","NEW DELHI PALAM, IN","2020-03-11","0.02","69","80","59"
"IN022023000","NEW DELHI PALAM, IN","2020-03-12","0.03","71","82","59"
"IN022023000","NEW DELHI PALAM, IN","2020-03-13","0.00","69","82","56"
"IN022023000","NEW DELHI PALAM, IN","2020-03-14","0.03","64",,
"IN022023000","NEW DELHI PALAM, IN","2020-03-15","0.02","66","78","54"
"IN022023000","NEW DELHI PALAM, IN","2020-03-16","0.00","68","81","56"
"IN022023000","NEW DELHI PALAM, IN","2020-03-17",,"70",,
"IN022023000","NEW DELHI PALAM, IN","2020-03-18",,"73",,"57"
"IN022023000","NEW DELHI PALAM, IN","2020-03-19",,"74",,
"IN022023000","NEW DELHI PALAM, IN","2020-03-20",,"76","89","62"
"IN022023000","NEW DELHI PALAM, IN","2020-03-21",,"76","88","65"
"IN022023000","NEW DELHI PALAM, IN","2020-03-22",,"77",,"62"
"IN022023000","NEW DELHI PALAM, IN","2020-03-23",,"76",,"63"
"IN022023000","NEW DELHI PALAM, IN","2020-03-24",,"74",,
"IN022023000","NEW DELHI PALAM, IN","2020-03-25",,"77",,"63"
"IN022023000","NEW DELHI PALAM, IN","2020-03-26",,"73","91",
"IN022023000","NEW DELHI PALAM, IN","2020-03-27","0.02","69",,
"IN022023000","NEW DELHI PALAM, IN","2020-03-28","0.12","72",,"61"
"IN022023000","NEW DELHI PALAM, IN","2020-03-29","0.00","75",,"60"
"IN022023000","NEW DELHI PALAM, IN","2020-03-30",,"73",,"61"
"IN022023000","NEW DELHI PALAM, IN","2020-03-31",,"75",,"63"
"IN022023000","NEW DELHI PALAM, IN","2020-04-01","0.12","76",,"62"
"IN022023000","NEW DELHI PALAM, IN","2020-04-02","0.00","76",,"62"
"IN022023000","NEW DELHI PALAM, IN","2020-04-03",,"75","90","60"
"IN022023000","NEW DELHI PALAM, IN","2020-04-04",,"76",,"59"
"IN022023000","NEW DELHI PALAM, IN","2020-04-05",,"79","93","63"
"IN022023000","NEW DELHI PALAM, IN","2020-04-06",,"84",,"66"
"IN022023000","NEW DELHI PALAM, IN","2020-04-07",,"79","99","65"
"IN022023000","NEW DELHI PALAM, IN","2020-04-08",,"80",,"64"
"IN022023000","NEW DELHI PALAM, IN","2020-04-09",,"79","94","62"
"IN022023000","NEW DELHI PALAM, IN","2020-04-10",,"83",,"64"
"IN022023000","NEW DELHI PALAM, IN","2020-04-11",,"86",,"69"
"IN022023000","NEW DELHI PALAM, IN","2020-04-12",,"85",,"67"
"IN022023000","NEW DELHI PALAM, IN","2020-04-13",,"87",,"70"
"IN022023000","NEW DELHI PALAM, IN","2020-04-14",,"90",,"75"
"IN022023000","NEW DELHI PALAM, IN","2020-04-15",,"90","106",
"IN022023000","NEW DELHI PALAM, IN","2020-04-16",,"89",,"73"
"IN022023000","NEW DELHI PALAM, IN","2020-04-17",,"87","105",
"IN022023000","NEW DELHI PALAM, IN","2020-04-18",,"83",,
"IN022023000","NEW DELHI PALAM, IN","2020-04-19","0.02","83","101","67"
"IN022023000","NEW DELHI PALAM, IN","2020-04-20","0.00","80",,"70"
"IN022023000","NEW DELHI PALAM, IN","2020-04-21",,"83",,"66"
"IN022023000","NEW DELHI PALAM, IN","2020-04-22",,"86",,"67"
"IN022023000","NEW DELHI PALAM, IN","2020-04-23",,"84",,
"IN022023000","NEW DELHI PALAM, IN","2020-04-24",,"86",,"69"
"IN022023000","NEW DELHI PALAM, IN","2020-04-25",,"87",,"76"
"IN022023000","NEW DELHI PALAM, IN","2020-04-26","0.35","75",,
"IN022023000","NEW DELHI PALAM, IN","2020-04-27","0.16","81",,"65"
"IN022023000","NEW DELHI PALAM, IN","2020-04-28","0.00","84",,"72"
"IN022023000","NEW DELHI PALAM, IN","2020-04-29",,"88",,"74"
"IN022023000","NEW DELHI PALAM, IN","2020-04-30",,"89",,"76"
"IN022023000","NEW DELHI PALAM, IN","2020-05-01",,"89","103","75"
"IN022023000","NEW DELHI PALAM, IN","2020-05-02",,"86","105","76"
"IN022023000","NEW DELHI PALAM, IN","2020-05-03","0.08","80","102",
"IN022023000","NEW DELHI PALAM, IN","2020-05-04","0.20","83",,"67"
"IN022023000","NEW DELHI PALAM, IN","2020-05-05","0.00","88","101","72"
"IN022023000","NEW DELHI PALAM, IN","2020-05-06",,"85","101","74"
"IN022023000","NEW DELHI PALAM, IN","2020-05-07",,"87","102","71"
"IN022023000","NEW DELHI PALAM, IN","2020-05-08",,"90",,"73"
"IN022023000","NEW DELHI PALAM, IN","2020-05-09",,"92","106","76"
"IN022023000","NEW DELHI PALAM, IN","2020-05-10",,"81","108",
"IN022023000","NEW DELHI PALAM, IN","2020-05-11",,"85","98","68"
"IN022023000","NEW DELHI PALAM, IN","2020-05-12",,"89",,"74"
"IN022023000","NEW DELHI PALAM, IN","2020-05-13",,"86","101","78"
"IN022023000","NEW DELHI PALAM, IN","2020-05-14",,"87","106","74"
"IN022023000","NEW DELHI PALAM, IN","2020-05-15","0.00","90","106","73"
"IN022023000","NEW DELHI PALAM, IN","2020-05-16",,"91",,"76"
"IN022023000","NEW DELHI PALAM, IN","2020-05-17",,"90","106",
"IN022023000","NEW DELHI PALAM, IN","2020-05-18",,"92",,"74"
"IN022023000","NEW DELHI PALAM, IN","2020-05-19",,"93",,
"IN022023000","NEW DELHI PALAM, IN","2020-05-20",,"93","109","72"
"IN022023000","NEW DELHI PALAM, IN","2020-05-21",,"95",,"73"
"IN022023000","NEW DELHI PALAM, IN","2020-05-22",,"98","114","76"
"IN022023000","NEW DELHI PALAM, IN","2020-05-23",,"100","114","82"
"IN022023000","NEW DELHI PALAM, IN","2020-05-24",,"100","114",
"IN022023000","NEW DELHI PALAM, IN","2020-05-25",,"99",,"80"
"IN022023000","NEW DELHI PALAM, IN","2020-05-26",,"101","115","84"
"IN022023000","NEW DELHI PALAM, IN","2020-05-27",,"101","118","83"
"IN022023000","NEW DELHI PALAM, IN","2020-05-28",,"90","117",
"IN022023000","NEW DELHI PALAM, IN","2020-05-29","0.12","84","107","72"
"IN022023000","NEW DELHI PALAM, IN","2020-05-30","0.12","83","97","72"
"IN022023000","NEW DELHI PALAM, IN","2020-05-31","0.20","78","97","68"
"IN022023000","NEW DELHI PALAM, IN","2020-06-01","0.43","85",,"68"
"IN022023000","NEW DELHI PALAM, IN","2020-06-02","0.00","88",,"74"
"IN022023000","NEW DELHI PALAM, IN","2020-06-03",,"89",,"76"
"IN022023000","NEW DELHI PALAM, IN","2020-06-04",,"83","102","77"
"IN022023000","NEW DELHI PALAM, IN","2020-06-05",,"84","99","74"
"IN022023000","NEW DELHI PALAM, IN","2020-06-06",,"87",,"74"
"IN022023000","NEW DELHI PALAM, IN","2020-06-07","0.28","85","101","70"
"IN022023000","NEW DELHI PALAM, IN","2020-06-08","0.04","91",,"76"
"IN022023000","NEW DELHI PALAM, IN","2020-06-09","0.00","96",,"79"
"IN022023000","NEW DELHI PALAM, IN","2020-06-10",,"93",,"83"
"IN022023000","NEW DELHI PALAM, IN","2020-06-11",,"95","110","80"
"IN022023000","NEW DELHI PALAM, IN","2020-06-12",,"96","108","84"
"IN022023000","NEW DELHI PALAM, IN","2020-06-13",,"90","108",
"IN022023000","NEW DELHI PALAM, IN","2020-06-14",,"95","108","81"
"IN022023000","NEW DELHI PALAM, IN","2020-06-15",,"97","107","83"
"IN022023000","NEW DELHI PALAM, IN","2020-06-16",,"96","110","84"
"IN022023000","NEW DELHI PALAM, IN","2020-06-17",,"95","106","84"
"IN022023000","NEW DELHI PALAM, IN","2020-06-18",,"98",,"81"
"IN022023000","NEW DELHI PALAM, IN","2020-06-19",,"97","112","85"
"IN022023000","NEW DELHI PALAM, IN","2020-06-20",,"89","110",
"IN022023000","NEW DELHI PALAM, IN","2020-06-21","0.04","89","104","77"
"IN022023000","NEW DELHI PALAM, IN","2020-06-22","0.04","90","101","76"
"IN022023000","NEW DELHI PALAM, IN","2020-06-23","0.00","90","101","81"
"IN022023000","NEW DELHI PALAM, IN","2020-06-24",,"87","102",
"IN022023000","NEW DELHI PALAM, IN","2020-06-25",,"89","103","83"
"IN022023000","NEW DELHI PALAM, IN","2020-06-26",,"91","103","84"
"IN022023000","NEW DELHI PALAM, IN","2020-06-27",,"94",,"85"
"IN022023000","NEW DELHI PALAM, IN","2020-06-28",,"99","109","87"
"IN022023000","NEW DELHI PALAM, IN","2020-06-29",,"93","109",
"IN022023000","NEW DELHI PALAM, IN","2020-06-30",,"92","108",
"IN022023000","NEW DELHI PALAM, IN","2020-07-01",,"94","105","86"
"IN022023000","NEW DELHI PALAM, IN","2020-07-02",,"96",,
"IN022023000","NEW DELHI PALAM, IN","2020-07-03",,"94",,
"IN022023000","NEW DELHI PALAM, IN","2020-07-04",,"90","110",
"IN022023000","NEW DELHI PALAM, IN","2020-07-05","1.93","84","101","74"
"IN022023000","NEW DELHI PALAM, IN","2020-07-06","0.00","88",,
"IN022023000","NEW DELHI PALAM, IN","2020-07-07",,"85","99",
"IN022023000","NEW DELHI PALAM, IN","2020-07-08",,"86",,
"IN022023000","NEW DELHI PALAM, IN","2020-07-09",,"90",,
"IN022023000","NEW DELHI PALAM, IN","2020-07-10",,"92",,
"IN022023000","NEW DELHI PALAM, IN","2020-07-11","0.12","90","102",
"IN022023000","NEW DELHI PALAM, IN","2020-07-12","0.00","85","99",
"IN022023000","NEW DELHI PALAM, IN","2020-07-13",,"89",,
"IN022023000","NEW DELHI PALAM, IN","2020-07-14",,"93","103","83"
"IN022023000","NEW DELHI PALAM, IN","2020-07-15",,"90","103",
"IN022023000","NEW DELHI PALAM, IN","2020-07-16","0.00","90",,
"IN022023000","NEW DELHI PALAM, IN","2020-07-17",,"90","101",
"IN022023000","NEW DELHI PALAM, IN","2020-07-18",,"89","99",
"IN022023000","NEW DELHI PALAM, IN","2020-07-19","0.67","86","99",
"IN022023000","NEW DELHI PALAM, IN","2020-07-20","0.12","83",,
"IN022023000","NEW DELHI PALAM, IN","2020-07-21","0.28","80","91",
"IN022023000","NEW DELHI PALAM, IN","2020-07-22","1.38","79","91","75"
"IN022023000","NEW DELHI PALAM, IN","2020-07-23","3.19","85",,
"IN022023000","NEW DELHI PALAM, IN","2020-07-24","0.00","85",,
"IN022023000","NEW DELHI PALAM, IN","2020-07-25","0.91","86",,"78"
"IN022023000","NEW DELHI PALAM, IN","2020-07-26","0.00","89",,
"IN022023000","NEW DELHI PALAM, IN","2020-07-27",,"89",,"83"
"IN022023000","NEW DELHI PALAM, IN","2020-07-28",,"91","100","84"
"IN022023000","NEW DELHI PALAM, IN","2020-07-29",,"84","100",
"IN022023000","NEW DELHI PALAM, IN","2020-07-30",,"83","99","78"
"IN022023000","NEW DELHI PALAM, IN","2020-07-31",,"87",,"81"
"IN022023000","NEW DELHI PALAM, IN","2020-08-01","0.00","85","95",
"IN022023000","NEW DELHI PALAM, IN","2020-08-02","0.24","88",,"80"
"IN022023000","NEW DELHI PALAM, IN","2020-08-03","0.39","89","99","82"
"IN022023000","NEW DELHI PALAM, IN","2020-08-04","0.00","90","99","83"
"IN022023000","NEW DELHI PALAM, IN","2020-08-05",,"87",,
"IN022023000","NEW DELHI PALAM, IN","2020-08-06",,"90","98",
"IN022023000","NEW DELHI PALAM, IN","2020-08-07",,"88","98","82"
"IN022023000","NEW DELHI PALAM, IN","2020-08-08",,"89","98",
"IN022023000","NEW DELHI PALAM, IN","2020-08-09","0.71","85",,"80"
"IN022023000","NEW DELHI PALAM, IN","2020-08-10","0.03","87",,
"IN022023000","NEW DELHI PALAM, IN","2020-08-11","0.00","87",,
"IN022023000","NEW DELHI PALAM, IN","2020-08-12","0.00","87","98",
"IN022023000","NEW DELHI PALAM, IN","2020-08-13","3.70","81","99",
"IN022023000","NEW DELHI PALAM, IN","2020-08-14","0.28","84",,
"IN022023000","NEW DELHI PALAM, IN","2020-08-15","0.02","86",,"81"
"IN022023000","NEW DELHI PALAM, IN","2020-08-16","0.00","87",,"82"
"IN022023000","NEW DELHI PALAM, IN","2020-08-17",,"86",,
"IN022023000","NEW DELHI PALAM, IN","2020-08-18",,"85",,
"IN022023000","NEW DELHI PALAM, IN","2020-08-19","0.12","80","93",
"IN022023000","NEW DELHI PALAM, IN","2020-08-20","3.50","80",,
"IN022023000","NEW DELHI PALAM, IN","2020-08-21","0.24","85",,"76"
"IN022023000","NEW DELHI PALAM, IN","2020-08-22","0.00","86",,"79"
"IN022023000","NEW DELHI PALAM, IN","2020-08-23",,"84","94",
"IN022023000","NEW DELHI PALAM, IN","2020-08-24",,"83","94",
"IN022023000","NEW DELHI PALAM, IN","2020-08-25",,"84",,
"IN022023000","NEW DELHI PALAM, IN","2020-08-26",,"85",,"81"
"IN022023000","NEW DELHI PALAM, IN","2020-08-27",,"87",,"80"
"IN022023000","NEW DELHI PALAM, IN","2020-08-28",,"83","96",
"IN022023000","NEW DELHI PALAM, IN","2020-08-29",,"86",,"78"
"IN022023000","NEW DELHI PALAM, IN","2020-08-30",,"82","93",
"IN022023000","NEW DELHI PALAM, IN","2020-08-31",,"83",,"78"
"IN022023000","NEW DELHI PALAM, IN","2020-09-01",,"85",,"78"
"IN022023000","NEW DELHI PALAM, IN","2020-09-02",,"86",,
"IN022023000","NEW DELHI PALAM, IN","2020-09-03",,"87",,"82"
"IN022023000","NEW DELHI PALAM, IN","2020-09-04",,"85","96",
"IN022023000","NEW DELHI PALAM, IN","2020-09-05",,"84",,
"IN022023000","NEW DELHI PALAM, IN","2020-09-06",,"85","96","77"
"IN022023000","NEW DELHI PALAM, IN","2020-09-07",,"83","93",
"IN022023000","NEW DELHI PALAM, IN","2020-09-08",,"87",,"78"
"IN022023000","NEW DELHI PALAM, IN","2020-09-09",,"87",,
"IN022023000","NEW DELHI PALAM, IN","2020-09-10",,"87","96",
"IN022023000","NEW DELHI PALAM, IN","2020-09-11",,"89","97","80"
"IN022023000","NEW DELHI PALAM, IN","2020-09-12",,"89","99","80"
"IN022023000","NEW DELHI PALAM, IN","2020-09-13",,"89","98","82"
"IN022023000","NEW DELHI PALAM, IN","2020-09-14",,"88","97",
"IN022023000","NEW DELHI PALAM, IN","2020-09-15",,"89","98",
"IN022023000","NEW DELHI PALAM, IN","2020-09-16",,"90","98","82"
"IN022023000","NEW DELHI PALAM, IN","2020-09-17",,"90","99","81"
"IN022023000","NEW DELHI PALAM, IN","2020-09-18",,"90","100",
"IN022023000","NEW DELHI PALAM, IN","2020-09-19",,"90","100",
"IN022023000","NEW DELHI PALAM, IN","2020-09-20",,"89","98","82"
"IN022023000","NEW DELHI PALAM, IN","2020-09-21",,"89","98","81"
"IN022023000","NEW DELHI PALAM, IN","2020-09-22",,"89","98","83"
"IN022023000","NEW DELHI PALAM, IN","2020-09-23",,"88","98",
"IN022023000","NEW DELHI PALAM, IN","2020-09-24",,"87","96",
"IN022023000","NEW DELHI PALAM, IN","2020-09-25",,"88",,
"IN022023000","NEW DELHI PALAM, IN","2020-09-26",,"84","99",
"IN022023000","NEW DELHI PALAM, IN","2020-09-27",,"84",,"74"
"IN022023000","NEW DELHI PALAM, IN","2020-09-28",,"86","96","74"
"IN022023000","NEW DELHI PALAM, IN","2020-09-29",,"85","97","75"
"IN022023000","NEW DELHI PALAM, IN","2020-09-30",,"84",,
"IN022023000","NEW DELHI PALAM, IN","2020-10-01",,"85","97",
"IN022023000","NEW DELHI PALAM, IN","2020-10-02",,"85","98","72"
"IN022023000","NEW DELHI PALAM, IN","2020-10-03",,"83","96",
"IN022023000","NEW DELHI PALAM, IN","2020-10-04",,"82","96","69"
"IN022023000","NEW DELHI PALAM, IN","2020-10-05",,"82","95","70"
"IN022023000","NEW DELHI PALAM, IN","2020-10-06",,"82",,"69"
"IN022023000","NEW DELHI PALAM, IN","2020-10-07",,"83","96","69"
"IN022023000","NEW DELHI PALAM, IN","2020-10-08",,"83","96","70"
"IN022023000","NEW DELHI PALAM, IN","2020-10-09",,"82","95","70"
"IN022023000","NEW DELHI PALAM, IN","2020-10-10",,"82","94",
"IN022023000","NEW DELHI PALAM, IN","2020-10-11",,"81","94","71"
"IN022023000","NEW DELHI PALAM, IN","2020-10-12",,"81",,"70"
"IN022023000","NEW DELHI PALAM, IN","2020-10-13",,"83",,"71"
"IN022023000","NEW DELHI PALAM, IN","2020-10-14",,"84","93","76"
"IN022023000","NEW DELHI PALAM, IN","2020-10-15",,"82",,
"IN022023000","NEW DELHI PALAM, IN","2020-10-16",,"80","94",
"IN022023000","NEW DELHI PALAM, IN","2020-10-17",,"78","93",
"IN022023000","NEW DELHI PALAM, IN","2020-10-18",,"79","91","68"
"IN022023000","NEW DELHI PALAM, IN","2020-10-19",,"78","92",
"IN022023000","NEW DELHI PALAM, IN","2020-10-20",,"77","92","63"
"IN022023000","NEW DELHI PALAM, IN","2020-10-21",,"78",,
"IN022023000","NEW DELHI PALAM, IN","2020-10-22",,"77","95","67"
"IN022023000","NEW DELHI PALAM, IN","2020-10-23",,"77",,"63"
"IN022023000","NEW DELHI PALAM, IN","2020-10-24",,"75",,
"IN022023000","NEW DELHI PALAM, IN","2020-10-25",,"75",,"62"
"IN022023000","NEW DELHI PALAM, IN","2020-10-26",,"76","90",
"IN022023000","NEW DELHI PALAM, IN","2020-10-27",,"74","90",
"IN022023000","NEW DELHI PALAM, IN","2020-10-28",,"72","87","59"
"IN022023000","NEW DELHI PALAM, IN","2020-10-29",,"71","86","59"
"IN022023000","NEW DELHI PALAM, IN","2020-10-30",,"73",,"59"
"IN022023000","NEW DELHI PALAM, IN","2020-10-31",,"71",,"58"
"IN022023000","NEW DELHI PALAM, IN","2020-11-01",,"71",,"57"
"IN022023000","NEW DELHI PALAM, IN","2020-11-02",,"67","83",
"IN022023000","NEW DELHI PALAM, IN","2020-11-03",,"70",,"55"
"IN022023000","NEW DELHI PALAM, IN","2020-11-04",,"67","87",
"IN022023000","NEW DELHI PALAM, IN","2020-11-05",,"68",,"56"
"IN022023000","NEW DELHI PALAM, IN","2020-11-06",,"68",,
"IN022023000","NEW DELHI PALAM, IN","2020-11-07",,"69","83",
"IN022023000","NEW DELHI PALAM, IN","2020-11-08",,"68","83",
"IN022023000","NEW DELHI PALAM, IN","2020-11-09",,"65",,"55"
"IN022023000","NEW DELHI PALAM, IN","2020-11-10",,"66",,
"IN022023000","NEW DELHI PALAM, IN","2020-11-11",,"67",,
"IN022023000","NEW DELHI PALAM, IN","2020-11-12",,"69","81","58"
"IN022023000","NEW DELHI PALAM, IN","2020-11-13",,"67",,
"IN022023000","NEW DELHI PALAM, IN","2020-11-14",,"66",,
"IN022023000","NEW DELHI PALAM, IN","2020-11-15",,"70",,"59"
"IN022023000","NEW DELHI PALAM, IN","2020-11-16","0.08","68","81",
"IN022023000","NEW DELHI PALAM, IN","2020-11-17","0.00","66",,
"IN022023000","NEW DELHI PALAM, IN","2020-11-18",,"63","76","55"
"IN022023000","NEW DELHI PALAM, IN","2020-11-19",,"63",,"54"
"IN022023000","NEW DELHI PALAM, IN","2020-11-20",,"63",,
"IN022023000","NEW DELHI PALAM, IN","2020-11-21",,"61","74",
"IN022023000","NEW DELHI PALAM, IN","2020-11-22",,"60","74","48"
"IN022023000","NEW DELHI PALAM, IN","2020-11-23",,"60",,
"IN022023000","NEW DELHI PALAM, IN","2020-11-24",,"63",,"49"
"IN022023000","NEW DELHI PALAM, IN","2020-11-25",,"65","75","56"
"IN022023000","NEW DELHI PALAM, IN","2020-11-26",,"66",,
"IN022023000","NEW DELHI PALAM, IN","2020-11-27",,"63",,"52"
"IN022023000","NEW DELHI PALAM, IN","2020-11-28",,"63",,"51"
"IN022023000","NEW DELHI PALAM, IN","2020-11-29",,"61",,"48"
"IN022023000","NEW DELHI PALAM, IN","2020-11-30",,"61",,
"IN022023000","NEW DELHI PALAM, IN","2020-12-01",,"62",,"51"
"IN022023000","NEW DELHI PALAM, IN","2020-12-02",,"64",,"51"
"IN022023000","NEW DELHI PALAM, IN","2020-12-03",,"63",,
"IN022023000","NEW DELHI PALAM, IN","2020-12-04",,"65",,
"IN022023000","NEW DELHI PALAM, IN","2020-12-05",,"66",,"56"
"IN022023000","NEW DELHI PALAM, IN","2020-12-06",,"67",,
"IN022023000","NEW DELHI PALAM, IN","2020-12-07",,"63","77",
"IN022023000","NEW DELHI PALAM, IN","2020-12-08",,"64",,"55"
"IN022023000","NEW DELHI PALAM, IN","2020-12-09",,"66",,"54"
"IN022023000","NEW DELHI PALAM, IN","2020-12-10",,"67",,
"IN022023000","NEW DELHI PALAM, IN","2020-12-11",,"65","78","57"
"IN022023000","NEW DELHI PALAM, IN","2020-12-12",,"62",,
"IN022023000","NEW DELHI PALAM, IN","2020-12-13",,"57","70",
"IN022023000","NEW DELHI PALAM, IN","2020-12-14",,"56","65","49"
"IN022023000","NEW DELHI PALAM, IN","2020-12-15",,"53","63","44"
"IN022023000","NEW DELHI PALAM, IN","2020-12-16",,"51",,"43"
"IN022023000","NEW DELHI PALAM, IN","2020-12-17",,"48","61","40"
"IN022023000","NEW DELHI PALAM, IN","2020-12-18",,"53",,
"IN022023000","NEW DELHI PALAM, IN","2020-12-19",,"54",,"42"
"IN022023000","NEW DELHI PALAM, IN","2020-12-20",,"56",,"43"
"IN022023000","NEW DELHI PALAM, IN","2020-12-21",,"56",,"47"
"IN022023000","NEW DELHI PALAM, IN","2020-12-22",,"56",,"46"
"IN022023000","NEW DELHI PALAM, IN","2020-12-23",,"57",,"45"
"IN022023000","NEW DELHI PALAM, IN","2020-12-24",,"56",,"45"
"IN022023000","NEW DELHI PALAM, IN","2020-12-25",,"55",,"44"
"IN022023000","NEW DELHI PALAM, IN","2020-12-26",,"55","69","44"
"IN022023000","NEW DELHI PALAM, IN","2020-12-27",,"59",,"47"
"IN022023000","NEW DELHI PALAM, IN","2020-12-28",,"54","68","43"
"IN022023000","NEW DELHI PALAM, IN","2020-12-29",,"50","65","41"
"IN022023000","NEW DELHI PALAM, IN","2020-12-30",,"50","61",
"IN022023000","NEW DELHI PALAM, IN","2020-12-31",,"49","59","42"
"IN022023000","NEW DELHI PALAM, IN","2021-01-01",,"52",,"39"
"IN022023000","NEW DELHI PALAM, IN","2021-01-02","0.02","58",,"49"
"IN022023000","NEW DELHI PALAM, IN","2021-01-03","0.71","57","67","53"
"IN022023000","NEW DELHI PALAM, IN","2021-01-04","0.20","62",,"54"
"IN022023000","NEW DELHI PALAM, IN","2021-01-05","0.47","62","69","58"
"IN022023000","NEW DELHI PALAM, IN","2021-01-06","0.39","62","67","58"
"IN022023000","NEW DELHI PALAM, IN","2021-01-07","0.20","60",,
"IN022023000","NEW DELHI PALAM, IN","2021-01-08","0.00","56","66","52"
"IN022023000","NEW DELHI PALAM, IN","2021-01-09",,"58",,
"IN022023000","NEW DELHI PALAM, IN","2021-01-10",,"50","67",
"IN022023000","NEW DELHI PALAM, IN","2021-01-11",,"52",,
"IN022023000","NEW DELHI PALAM, IN","2021-01-12",,"51",,"42"
"IN022023000","NEW DELHI PALAM, IN","2021-01-13",,"50",,"40"
"IN022023000","NEW DELHI PALAM, IN","2021-01-14",,"53",,"41"
"IN022023000","NEW DELHI PALAM, IN","2021-01-15",,"55",,"48"
"IN022023000","NEW DELHI PALAM, IN","2021-01-16",,"50","66",
"IN022023000","NEW DELHI PALAM, IN","2021-01-17",,"51","60",
"IN022023000","NEW DELHI PALAM, IN","2021-01-18",,"54",,"49"
"IN022023000","NEW DELHI PALAM, IN","2021-01-19",,"56","65","48"
"IN022023000","NEW DELHI PALAM, IN","2021-01-20",,"53","62","47"
"IN022023000","NEW DELHI PALAM, IN","2021-01-21",,"55","68","45"
"IN022023000","NEW DELHI PALAM, IN","2021-01-22",,"53","68","46"
"IN022023000","NEW DELHI PALAM, IN","2021-01-23",,"56",,"47"
"IN022023000","NEW DELHI PALAM, IN","2021-01-24",,"54","63",
"IN022023000","NEW DELHI PALAM, IN","2021-01-25",,"54",,
"IN022023000","NEW DELHI PALAM, IN","2021-01-26",,"55",,"44"
"IN022023000","NEW DELHI PALAM, IN","2021-01-27",,"56",,"44"
"IN022023000","NEW DELHI PALAM, IN","2021-01-28",,"54","67","43"
"IN022023000","NEW DELHI PALAM, IN","2021-01-29",,"54",,"43"
"IN022023000","NEW DELHI PALAM, IN","2021-01-30",,"54",,
"IN022023000","NEW DELHI PALAM, IN","2021-01-31",,"57",,"44"
"IN022023000","NEW DELHI PALAM, IN","2021-02-01",,"63",,
"IN022023000","NEW DELHI PALAM, IN","2021-02-02",,"64",,"49"
"IN022023000","NEW DELHI PALAM, IN","2021-02-03",,"65",,"55"
"IN022023000","NEW DELHI PALAM, IN","2021-02-04","0.03","60",,
"IN022023000","NEW DELHI PALAM, IN","2021-02-05","0.16","58","70","48"
"IN022023000","NEW DELHI PALAM, IN","2021-02-06","0.00","59",,"47"
"IN022023000","NEW DELHI PALAM, IN","2021-02-07",,"59",,"48"
"IN022023000","NEW DELHI PALAM, IN","2021-02-08",,"60",,"49"
"IN022023000","NEW DELHI PALAM, IN","2021-02-09",,"62",,
"IN022023000","NEW DELHI PALAM, IN","2021-02-10",,"67",,
"IN022023000","NEW DELHI PALAM, IN","2021-02-13",,"65",,
"IN022023000","NEW DELHI PALAM, IN","2021-02-14",,"66",,
"IN022023000","NEW DELHI PALAM, IN","2021-02-15",,"68",,
"IN022023000","NEW DELHI PALAM, IN","2021-02-16",,"69",,"56"
"IN022023000","NEW DELHI PALAM, IN","2021-02-17",,"65","82",
"IN022023000","NEW DELHI PALAM, IN","2021-02-18",,"67",,"55"
"IN022023000","NEW DELHI PALAM, IN","2021-02-19",,"63","79",
"IN022023000","NEW DELHI PALAM, IN","2021-02-21",,"60",,
"IN022023000","NEW DELHI PALAM, IN","2021-02-22",,"67",,"55"
"IN022023000","NEW DELHI PALAM, IN","2021-02-23",,"69",,"56"
"IN022023000","NEW DELHI PALAM, IN","2021-02-24",,"72",,
"IN022023000","NEW DELHI PALAM, IN","2021-02-25",,"72",,
"IN022023000","NEW DELHI PALAM, IN","2021-02-26",,"75","88",
"IN022023000","NEW DELHI PALAM, IN","2021-02-27",,"75","89",
"IN022023000","NEW DELHI PALAM, IN","2021-02-28",,"74","87",
"IN022023000","NEW DELHI PALAM, IN","2021-03-01",,"68",,
"IN022023000","NEW DELHI PALAM, IN","2021-03-02",,"69","83",
"IN022023000","NEW DELHI PALAM, IN","2021-03-03",,"69",,"54"
"IN022023000","NEW DELHI PALAM, IN","2021-03-04",,"74",,"59"
"IN022023000","NEW DELHI PALAM, IN","2021-03-05",,"72","90",
"IN022023000","NEW DELHI PALAM, IN","2021-03-06",,"72","87","59"
"IN022023000","NEW DELHI PALAM, IN","2021-03-07",,"77",,
"IN022023000","NEW DELHI PALAM, IN","2021-03-08",,"76","92",
"IN022023000","NEW DELHI PALAM, IN","2021-03-09",,"78",,
"IN022023000","NEW DELHI PALAM, IN","2021-03-10","0.04","77",,"66"
"IN022023000","NEW DELHI PALAM, IN","2021-03-11","0.00","78",,
"IN022023000","NEW DELHI PALAM, IN","2021-03-12","0.08","75",,
"IN022023000","NEW DELHI PALAM, IN","2021-03-13","0.01","75","87",
"IN022023000","NEW DELHI PALAM, IN","2021-03-14","0.00","75",,"62"
"IN022023000","NEW DELHI PALAM, IN","2021-03-15",,"76","88",
"IN022023000","NEW DELHI PALAM, IN","2021-03-16",,"76",,"65"
"IN022023000","NEW DELHI PALAM, IN","2021-03-17",,"79",,
"IN022023000","NEW DELHI PALAM, IN","2021-03-18",,"79","93","66"
"IN022023000","NEW DELHI PALAM, IN","2021-03-19",,"79","92",
"IN022023000","NEW DELHI PALAM, IN","2021-03-20",,"77",,
"IN022023000","NEW DELHI PALAM, IN","2021-03-21",,"80",,
"IN022023000","NEW DELHI PALAM, IN","2021-03-22",,"80","96","70"
"IN022023000","NEW DELHI PALAM, IN","2021-03-23",,"75","92",
"IN022023000","NEW DELHI PALAM, IN","2021-03-24",,"77",,
"IN022023000","NEW DELHI PALAM, IN","2021-03-25",,"73","90",
"IN022023000","NEW DELHI PALAM, IN","2021-03-26",,"75",,"60"
"IN022023000","NEW DELHI PALAM, IN","2021-03-27",,"79",,
"IN022023000","NEW DELHI PALAM, IN","2021-03-28",,"83",,
"IN022023000","NEW DELHI PALAM, IN","2021-03-29",,"86",,
"IN022023000","NEW DELHI PALAM, IN","2021-03-30",,"85","103","71"
"IN022023000","NEW DELHI PALAM, IN","2021-03-31",,"81","101",
"IN022023000","NEW DELHI PALAM, IN","2021-04-01",,"80",,"62"
"IN022023000","NEW DELHI PALAM, IN","2021-04-02",,"79","96",
"IN022023000","NEW DELHI PALAM, IN","2021-04-03",,"80","95","59"
"IN022023000","NEW DELHI PALAM, IN","2021-04-04",,"82",,"64"
"IN022023000","NEW DELHI PALAM, IN","2021-04-05",,"87",,
"IN022023000","NEW DELHI PALAM, IN","2021-04-06",,"88",,
"IN022023000","NEW DELHI PALAM, IN","2021-04-07",,"85","101","73"
"IN022023000","NEW DELHI PALAM, IN","2021-04-08",,"81","98","70"
"IN022023000","NEW DELHI PALAM, IN","2021-04-09",,"83",,"67"
"IN022023000","NEW DELHI PALAM, IN","2021-04-10",,"85","100","68"
"IN022023000","NEW DELHI PALAM, IN","2021-04-11",,"86",,
"IN022023000","NEW DELHI PALAM, IN","2021-04-12",,"86","103","71"
"IN022023000","NEW DELHI PALAM, IN","2021-04-13",,"88",,
"IN022023000","NEW DELHI PALAM, IN","2021-04-14",,"89","105",
"IN022023000","NEW DELHI PALAM, IN","2021-04-15",,"88","106","74"
"IN022023000","NEW DELHI PALAM, IN","2021-04-16",,"82","106",
"IN022023000","NEW DELHI PALAM, IN","2021-04-17",,"80","105","67"
"IN022023000","NEW DELHI PALAM, IN","2021-04-18",,"84",,"70"
"IN022023000","NEW DELHI PALAM, IN","2021-04-19",,"87",,
"IN022023000","NEW DELHI PALAM, IN","2021-04-20",,"81","103",
"IN022023000","NEW DELHI PALAM, IN","2021-04-21","0.00","78","94","64"
"IN022023000","NEW DELHI PALAM, IN","2021-04-22",,"81",,"68"
"IN022023000","NEW DELHI PALAM, IN","2021-04-23",,"79","93",
"IN022023000","NEW DELHI PALAM, IN","2021-04-24","0.00","80",,"64"
"IN022023000","NEW DELHI PALAM, IN","2021-04-25","0.00","83",,
"IN022023000","NEW DELHI PALAM, IN","2021-04-26",,"88",,"67"
"IN022023000","NEW DELHI PALAM, IN","2021-04-27",,"91",,"73"
"IN022023000","NEW DELHI PALAM, IN","2021-04-28",,"93","110",
"IN022023000","NEW DELHI PALAM, IN","2021-04-29",,"92","110","78"
"IN022023000","NEW DELHI PALAM, IN","2021-04-30",,"93","110","77"
"IN022023000","NEW DELHI PALAM, IN","2021-05-01","0.00","92","110","81"
"IN022023000","NEW DELHI PALAM, IN","2021-05-02",,"90","108","80"
"IN022023000","NEW DELHI PALAM, IN","2021-05-03",,"91","104","77"
"IN022023000","NEW DELHI PALAM, IN","2021-05-04",,"91",,"79"
"IN022023000","NEW DELHI PALAM, IN","2021-05-05","0.01","90","108","77"
"IN022023000","NEW DELHI PALAM, IN","2021-05-06","0.00","83","105",
"IN022023000","NEW DELHI PALAM, IN","2021-05-07","0.08","85","104","71"
"IN022023000","NEW DELHI PALAM, IN","2021-05-08","0.00","90",,"76"
"IN022023000","NEW DELHI PALAM, IN","2021-05-09",,"88","105","77"
"IN022023000","NEW DELHI PALAM, IN","2021-05-10","0.08","87","105","78"
"IN022023000","NEW DELHI PALAM, IN","2021-05-11","0.00","89",,"77"
"IN022023000","NEW DELHI PALAM, IN","2021-05-12",,"88","106",
"IN022023000","NEW DELHI PALAM, IN","2021-05-13","0.08","81","101","69"
"IN022023000","NEW DELHI PALAM, IN","2021-05-14","0.00","87",,"74"
"IN022023000","NEW DELHI PALAM, IN","2021-05-15",,"88",,"76"
"IN022023000","NEW DELHI PALAM, IN","2021-05-16",,"92",,"74"
"IN022023000","NEW DELHI PALAM, IN","2021-05-17",,"92","106","80"
"IN022023000","NEW DELHI PALAM, IN","2021-05-18",,"80","99",
"IN022023000","NEW DELHI PALAM, IN","2021-05-19","0.08","71","87",
"IN022023000","NEW DELHI PALAM, IN","2021-05-20","2.52","78",,"68"
"IN022023000","NEW DELHI PALAM, IN","2021-05-21","0.24","78",,
"IN022023000","NEW DELHI PALAM, IN","2021-05-22","0.87","83",,"66"
"IN022023000","NEW DELHI PALAM, IN","2021-05-23","0.00","82","94","73"
"IN022023000","NEW DELHI PALAM, IN","2021-05-24",,"87",,"70"
"IN022023000","NEW DELHI PALAM, IN","2021-05-25",,"90",,"74"
"IN022023000","NEW DELHI PALAM, IN","2021-05-26",,"92",,"74"
"IN022023000","NEW DELHI PALAM, IN","2021-05-27",,"92","105","76"
"IN022023000","NEW DELHI PALAM, IN","2021-05-28",,"90","103","78"
"IN022023000","NEW DELHI PALAM, IN","2021-05-29",,"89","103","81"
"IN022023000","NEW DELHI PALAM, IN","2021-05-30",,"87","100","79"
"IN022023000","NEW DELHI PALAM, IN","2021-05-31",,"89","100",
"IN022023000","NEW DELHI PALAM, IN","2021-06-01",,"81",,"68"
"IN022023000","NEW DELHI PALAM, IN","2021-06-02",,"86",,
"IN022023000","NEW DELHI PALAM, IN","2021-06-03",,"90",,"77"
"IN022023000","NEW DELHI PALAM, IN","2021-06-04",,"86","101",
"IN022023000","NEW DELHI PALAM, IN","2021-06-05",,"86",,"70"
"IN022023000","NEW DELHI PALAM, IN","2021-06-06",,"90",,"76"
"IN022023000","NEW DELHI PALAM, IN","2021-06-07",,"94",,"80"
"IN022023000","NEW DELHI PALAM, IN","2021-06-08",,"97",,"84"
"IN022023000","NEW DELHI PALAM, IN","2021-06-09",,"98",,"87"
"IN022023000","NEW DELHI PALAM, IN","2021-06-10",,"90","108",
"IN022023000","NEW DELHI PALAM, IN","2021-06-11","0.08","91","102","74"
"IN022023000","NEW DELHI PALAM, IN","2021-06-12","0.00","87","102",
"IN022023000","NEW DELHI PALAM, IN","2021-06-13","0.08","85",,"74"
"IN022023000","NEW DELHI PALAM, IN","2021-06-14","0.04","91",,"79"
"IN022023000","NEW DELHI PALAM, IN","2021-06-15","0.00","88","102",
"IN022023000","NEW DELHI PALAM, IN","2021-06-16",,"86","101","78"
"IN022023000","NEW DELHI PALAM, IN","2021-06-17",,"88",,"78"
"IN022023000","NEW DELHI PALAM, IN","2021-06-18",,"87","96","76"
"IN022023000","NEW DELHI PALAM, IN","2021-06-19",,"86","95","77"
"IN022023000","NEW DELHI PALAM, IN","2021-06-20","0.00","85","95","77"
"IN022023000","NEW DELHI PALAM, IN","2021-06-21",,"91",,"77"
"IN022023000","NEW DELHI PALAM, IN","2021-06-22",,"95",,"81"
"IN022023000","NEW DELHI PALAM, IN","2021-06-23",,"95",,"82"
"IN022023000","NEW DELHI PALAM, IN","2021-06-24",,"89","106","81"
"IN022023000","NEW DELHI PALAM, IN","2021-06-25",,"90",,"80"
"IN022023000","NEW DELHI PALAM, IN","2021-06-26",,"89","104","73"
"IN022023000","NEW DELHI PALAM, IN","2021-06-27",,"93",,"80"
"IN022023000","NEW DELHI PALAM, IN","2021-06-28",,"95","103","83"
"IN022023000","NEW DELHI PALAM, IN","2021-06-29",,"98",,"83"
"IN022023000","NEW DELHI PALAM, IN","2021-06-30",,"101",,"86"
"IN022023000","NEW DELHI PALAM, IN","2021-07-01",,"99","110","87"
"IN022023000","NEW DELHI PALAM, IN","2021-07-02",,"92","110",
"IN022023000","NEW DELHI PALAM, IN","2021-07-03",,"89",,"77"
"IN022023000","NEW DELHI PALAM, IN","2021-07-04",,"92",,"81"
"IN022023000","NEW DELHI PALAM, IN","2021-07-05",,"93",,"83"
"IN022023000","NEW DELHI PALAM, IN","2021-07-06",,"95",,"83"
"IN022023000","NEW DELHI PALAM, IN","2021-07-07",,"97",,
"IN022023000","NEW DELHI PALAM, IN","2021-07-08",,"97","108",
"IN022023000","NEW DELHI PALAM, IN","2021-07-09",,"92","108","83"
"IN022023000","NEW DELHI PALAM, IN","2021-07-10",,"94",,
"IN022023000","NEW DELHI PALAM, IN","2021-07-11",,"91",,
"IN022023000","NEW DELHI PALAM, IN","2021-07-12",,"89","102","81"
"IN022023000","NEW DELHI PALAM, IN","2021-07-13","0.94","85","99","76"
"IN022023000","NEW DELHI PALAM, IN","2021-07-14","0.31","82",,
"IN022023000","NEW DELHI PALAM, IN","2021-07-15","0.12","88",,"77"
"IN022023000","NEW DELHI PALAM, IN","2021-07-16","0.00","92",,"82"
"IN022023000","NEW DELHI PALAM, IN","2021-07-17",,"91","100","84"
"IN022023000","NEW DELHI PALAM, IN","2021-07-18","0.28","86","102",
"IN022023000","NEW DELHI PALAM, IN","2021-07-19","3.90","79",,"76"
"IN022023000","NEW DELHI PALAM, IN","2021-07-20","2.68","81",,"76"
"IN022023000","NEW DELHI PALAM, IN","2021-07-21","1.54","86",,"74"
"IN022023000","NEW DELHI PALAM, IN","2021-07-22","0.00","85","94","78"
"IN022023000","NEW DELHI PALAM, IN","2021-07-23",,"87",,"80"
"IN022023000","NEW DELHI PALAM, IN","2021-07-24",,"88",,"82"
"IN022023000","NEW DELHI PALAM, IN","2021-07-25",,"91",,"83"
"IN022023000","NEW DELHI PALAM, IN","2021-07-26",,"87","97","83"
"IN022023000","NEW DELHI PALAM, IN","2021-07-27","2.68","82",,"78"
"IN022023000","NEW DELHI PALAM, IN","2021-07-28","2.72","80","85",
"IN022023000","NEW DELHI PALAM, IN","2021-07-29","1.06","84",,
"IN022023000","NEW DELHI PALAM, IN","2021-07-30","0.00","82","92",
"IN022023000","NEW DELHI PALAM, IN","2021-07-31","0.59","86",,
"IN022023000","NEW DELHI PALAM, IN","2021-08-01","1.18","83","94",
"IN022023000","NEW DELHI PALAM, IN","2021-08-02","0.16","83",,"81"
"IN022023000","NEW DELHI PALAM, IN","2021-08-03","0.71","86",,"81"
"IN022023000","NEW DELHI PALAM, IN","2021-08-04","0.02","87","92","81"
"IN022023000","NEW DELHI PALAM, IN","2021-08-05","0.00","87",,
"IN022023000","NEW DELHI PALAM, IN","2021-08-06",,"87",,"82"
"IN022023000","NEW DELHI PALAM, IN","2021-08-07",,"84",,
"IN022023000","NEW DELHI PALAM, IN","2021-08-08",,"82","92",
"IN022023000","NEW DELHI PALAM, IN","2021-08-09",,"84",,
"IN022023000","NEW DELHI PALAM, IN","2021-08-10",,"88",,"81"
"IN022023000","NEW DELHI PALAM, IN","2021-08-11",,"89","96","82"
"IN022023000","NEW DELHI PALAM, IN","2021-08-12",,"89","96","82"
"IN022023000","NEW DELHI PALAM, IN","2021-08-13",,"89","97",
"IN022023000","NEW DELHI PALAM, IN","2021-08-14",,"89","98",
"IN022023000","NEW DELHI PALAM, IN","2021-08-15",,"89","98","83"
"IN022023000","NEW DELHI PALAM, IN","2021-08-16",,"91","99","83"
"IN022023000","NEW DELHI PALAM, IN","2021-08-17",,"92",,
"IN022023000","NEW DELHI PALAM, IN","2021-08-18",,"91","100",
"IN022023000","NEW DELHI PALAM, IN","2021-08-19",,"89","101",
"IN022023000","NEW DELHI PALAM, IN","2021-08-20",,"81","99",
"IN022023000","NEW DELHI PALAM, IN","2021-08-21","3.31","82","90","76"
"IN022023000","NEW DELHI PALAM, IN","2021-08-22","0.47","85",,
"IN022023000","NEW DELHI PALAM, IN","2021-08-23","0.00","87",,"82"
"IN022023000","NEW DELHI PALAM, IN","2021-08-24",,"88","94","83"
"IN022023000","NEW DELHI PALAM, IN","2021-08-25",,"89",,
"IN022023000","NEW DELHI PALAM, IN","2021-08-26",,"87","97","81"
"IN022023000","NEW DELHI PALAM, IN","2021-08-27",,"88","96",
"IN022023000","NEW DELHI PALAM, IN","2021-08-28",,"87","96",
"IN022023000","NEW DELHI PALAM, IN","2021-08-29",,"85","97",
"IN022023000","NEW DELHI PALAM, IN","2021-08-30","0.00","85","94","80"
"IN022023000","NEW DELHI PALAM, IN","2021-08-31",,"80","94",
"IN022023000","NEW DELHI PALAM, IN","2021-09-01",,"78",,
"IN022023000","NEW DELHI PALAM, IN","2021-09-02",,"82",,
"IN022023000","NEW DELHI PALAM, IN","2021-09-03","0.16","84",,"77"
"IN022023000","NEW DELHI PALAM, IN","2021-09-04","0.04","83",,
"IN022023000","NEW DELHI PALAM, IN","2021-09-05","0.00","86",,"80"
"IN022023000","NEW DELHI PALAM, IN","2021-09-06","0.12","88",,"82"
"IN022023000","NEW DELHI PALAM, IN","2021-09-07","0.00","85",,
"IN022023000","NEW DELHI PALAM, IN","2021-09-08","0.03","85",,"80"
"IN022023000","NEW DELHI PALAM, IN","2021-09-09","0.00","85",,
"IN022023000","NEW DELHI PALAM, IN","2021-09-10","0.71","82",,"75"
"IN022023000","NEW DELHI PALAM, IN","2021-09-11","4.06","77","91","75"
"IN022023000","NEW DELHI PALAM, IN","2021-09-12","1.50","80",,"75"
"IN022023000","NEW DELHI PALAM, IN","2021-09-13","0.12","81","91",
"IN022023000","NEW DELHI PALAM, IN","2021-09-14","0.08","84","94",
"IN022023000","NEW DELHI PALAM, IN","2021-09-15","0.20","85","94",
"IN022023000","NEW DELHI PALAM, IN","2021-09-16","0.00","78","92",
"IN022023000","NEW DELHI PALAM, IN","2021-09-17","0.35","82",,"76"
"IN022023000","NEW DELHI PALAM, IN","2021-09-18","0.00","84",,
"IN022023000","NEW DELHI PALAM, IN","2021-09-19",,"85",,
"IN022023000","NEW DELHI PALAM, IN","2021-09-20",,"86",,"80"
"IN022023000","NEW DELHI PALAM, IN","2021-09-21",,"85",,
"IN022023000","NEW DELHI PALAM, IN","2021-09-22",,"81","95",
"IN022023000","NEW DELHI PALAM, IN","2021-09-23",,"82","89",
"IN022023000","NEW DELHI PALAM, IN","2021-09-24",,"83",,
"IN022023000","NEW DELHI PALAM, IN","2021-09-25","0.00","83","92",
"IN022023000","NEW DELHI PALAM, IN","2021-09-26",,"83","90",
"IN022023000","NEW DELHI PALAM, IN","2021-09-27",,"86",,
"IN022023000","NEW DELHI PALAM, IN","2021-09-28",,"86","96",
"IN022023000","NEW DELHI PALAM, IN","2021-09-29",,"85","96","81"
"IN022023000","NEW DELHI PALAM, IN","2021-09-30",,"85",,
"IN022023000","NEW DELHI PALAM, IN","2021-10-01",,"85","94","80"
"IN022023000","NEW DELHI PALAM, IN","2021-10-02","0.00","86",,"80"
"IN022023000","NEW DELHI PALAM, IN","2021-10-03",,"86","96","80"
"IN022023000","NEW DELHI PALAM, IN","2021-10-04",,"87","97","80"
"IN022023000","NEW DELHI PALAM, IN","2021-10-05",,"85","97",
"IN022023000","NEW DELHI PALAM, IN","2021-10-06",,"85","95",
"IN022023000","NEW DELHI PALAM, IN","2021-10-07",,"83","95",
"IN022023000","NEW DELHI PALAM, IN","2021-10-08",,"84",,"77"
"IN022023000","NEW DELHI PALAM, IN","2021-10-09",,"85",,"74"
"IN022023000","NEW DELHI PALAM, IN","2021-10-10",,"84","98",
"IN022023000","NEW DELHI PALAM, IN","2021-10-11",,"85","98",
"IN022023000","NEW DELHI PALAM, IN","2021-10-12",,"85","98",
"IN022023000","NEW DELHI PALAM, IN","2021-10-13",,"82","98",
"IN022023000","NEW DELHI PALAM, IN","2021-10-14",,"78",,
"IN022023000","NEW DELHI PALAM, IN","2021-10-15",,"80","93",
"IN022023000","NEW DELHI PALAM, IN","2021-10-16",,"83","93",
"IN022023000","NEW DELHI PALAM, IN","2021-10-17","0.01","76","95",
"IN022023000","NEW DELHI PALAM, IN","2021-10-18","2.20","71",,
"IN022023000","NEW DELHI PALAM, IN","2021-10-19","0.00","77",,"69"
"IN022023000","NEW DELHI PALAM, IN","2021-10-20",,"77",,"59"
"IN022023000","NEW DELHI PALAM, IN","2021-10-21",,"77",,"65"
"IN022023000","NEW DELHI PALAM, IN","2021-10-22",,"78","90","68"
"IN022023000","NEW DELHI PALAM, IN","2021-10-23",,"77","90",
"IN022023000","NEW DELHI PALAM, IN","2021-10-24",,"74","90",
"IN022023000","NEW DELHI PALAM, IN","2021-10-25",,"73","87",
"IN022023000","NEW DELHI PALAM, IN","2021-10-26",,"72","82",
"IN022023000","NEW DELHI PALAM, IN","2021-10-27",,"72",,"62"
"IN022023000","NEW DELHI PALAM, IN","2021-10-28",,"71","82","62"
"IN022023000","NEW DELHI PALAM, IN","2021-10-29",,"73",,"62"
"IN022023000","NEW DELHI PALAM, IN","2021-10-30",,"72","85","62"
"IN022023000","NEW DELHI PALAM, IN","2021-10-31",,"72","84","64"
"IN022023000","NEW DELHI PALAM, IN","2021-11-01",,"72","85",
"IN022023000","NEW DELHI PALAM, IN","2021-11-02",,"73","87",
"IN022023000","NEW DELHI PALAM, IN","2021-11-03",,"73",,
"IN022023000","NEW DELHI PALAM, IN","2021-11-04",,"69","85",
"IN022023000","NEW DELHI PALAM, IN","2021-11-05",,"69","80","62"
"IN022023000","NEW DELHI PALAM, IN","2021-11-06",,"70",,"61"
"IN022023000","NEW DELHI PALAM, IN","2021-11-07",,"70",,"62"
"IN022023000","NEW DELHI PALAM, IN","2021-11-08",,"71","83","61"
"IN022023000","NEW DELHI PALAM, IN","2021-11-09",,"71",,"60"
"IN022023000","NEW DELHI PALAM, IN","2021-11-10",,"71",,"60"
"IN022023000","NEW DELHI PALAM, IN","2021-11-11",,"67",,"59"
"IN022023000","NEW DELHI PALAM, IN","2021-11-12",,"68",,
"IN022023000","NEW DELHI PALAM, IN","2021-11-13",,"68",,"58"
"IN022023000","NEW DELHI PALAM, IN","2021-11-14",,"67","82","56"
"IN022023000","NEW DELHI PALAM, IN","2021-11-15",,"66","80",
"IN022023000","NEW DELHI PALAM, IN","2021-11-16",,"66","79","54"
"IN022023000","NEW DELHI PALAM, IN","2021-11-17",,"65","79","54"
"IN022023000","NEW DELHI PALAM, IN","2021-11-18",,"67","81","55"
"IN022023000","NEW DELHI PALAM, IN","2021-11-19",,"67","79","56"
"IN022023000","NEW DELHI PALAM, IN","2021-11-20",,"68","78","60"
"IN022023000","NEW DELHI PALAM, IN","2021-11-21",,"65","79","56"
"IN022023000","NEW DELHI PALAM, IN","2021-11-22",,"65",,"54"
"IN022023000","NEW DELHI PALAM, IN","2021-11-23",,"65","80","55"
"IN022023000","NEW DELHI PALAM, IN","2021-11-24",,"65",,"53"
"IN022023000","NEW DELHI PALAM, IN","2021-11-25",,"67","83","54"
"IN022023000","NEW DELHI PALAM, IN","2021-11-26",,"66","81","57"
"IN022023000","NEW DELHI PALAM, IN","2021-11-27",,"65","80","55"
"IN022023000","NEW DELHI PALAM, IN","2021-11-28",,"66","78","57"
"IN022023000","NEW DELHI PALAM, IN","2021-11-29",,"65","78","55"
"IN022023000","NEW DELHI PALAM, IN","2021-11-30",,"65",,"54"
"IN022023000","NEW DELHI PALAM, IN","2021-12-01",,"64","72","58"
"IN022023000","NEW DELHI PALAM, IN","2021-12-02",,"61","72",
"IN022023000","NEW DELHI PALAM, IN","2021-12-03",,"63",,"57"
"IN022023000","NEW DELHI PALAM, IN","2021-12-04",,"66",,"54"
"IN022023000","NEW DELHI PALAM, IN","2021-12-05",,"67","78","57"
"IN022023000","NEW DELHI PALAM, IN","2021-12-06","0.00","66","78",
"IN022023000","NEW DELHI PALAM, IN","2021-12-07",,"63","76","55"
"IN022023000","NEW DELHI PALAM, IN","2021-12-08",,"62","75","52"
"IN022023000","NEW DELHI PALAM, IN","2021-12-09",,"62","73","52"
"IN022023000","NEW DELHI PALAM, IN","2021-12-10",,"61","72",
"IN022023000","NEW DELHI PALAM, IN","2021-12-11",,"60","72","52"
"IN022023000","NEW DELHI PALAM, IN","2021-12-12",,"59","72","49"
"IN022023000","NEW DELHI PALAM, IN","2021-12-13",,"59","71","49"
"IN022023000","NEW DELHI PALAM, IN","2021-12-14",,"60","71",
"IN022023000","NEW DELHI PALAM, IN","2021-12-15",,"60","72",
"IN022023000","NEW DELHI PALAM, IN","2021-12-16",,"59","69",
"IN022023000","NEW DELHI PALAM, IN","2021-12-17",,"56","69","47"
"IN022023000","NEW DELHI PALAM, IN","2021-12-18",,"51","65","43"
"IN022023000","NEW DELHI PALAM, IN","2021-12-19",,"53",,
"IN022023000","NEW DELHI PALAM, IN","2021-12-20",,"54",,"42"
"IN022023000","NEW DELHI PALAM, IN","2021-12-21",,"57",,"45"
"IN022023000","NEW DELHI PALAM, IN","2021-12-22",,"59",,"46"
"IN022023000","NEW DELHI PALAM, IN","2021-12-23",,"59","72","49"
"IN022023000","NEW DELHI PALAM, IN","2021-12-24",,"60",,
"IN022023000","NEW DELHI PALAM, IN","2021-12-25",,"62",,"50"
"IN022023000","NEW DELHI PALAM, IN","2021-12-26",,"60","74",
"IN022023000","NEW DELHI PALAM, IN","2021-12-27","0.12","60","69","54"
"IN022023000","NEW DELHI PALAM, IN","2021-12-28","0.00","58","71",
"IN022023000","NEW DELHI PALAM, IN","2021-12-29",,"56",,
"IN022023000","NEW DELHI PALAM, IN","2021-12-30",,"53","67","44"
"IN022023000","NEW DELHI PALAM, IN","2021-12-31",,"53","66","45"
"IN022023000","NEW DELHI PALAM, IN","2022-01-01",,"54",,"44"
"IN022023000","NEW DELHI PALAM, IN","2022-01-02",,"55",,"45"
"IN022023000","NEW DELHI PALAM, IN","2022-01-03",,"58",,"46"
"IN022023000","NEW DELHI PALAM, IN","2022-01-04",,"61","72","51"
"IN022023000","NEW DELHI PALAM, IN","2022-01-05","0.00","56","72",
"IN022023000","NEW DELHI PALAM, IN","2022-01-06","0.28","60","72","54"
"IN022023000","NEW DELHI PALAM, IN","2022-01-07","0.00","61","69","57"
"IN022023000","NEW DELHI PALAM, IN","2022-01-08","1.89","60","66",
"IN022023000","NEW DELHI PALAM, IN","2022-01-09","0.79","55","62",
"IN022023000","NEW DELHI PALAM, IN","2022-01-10","0.04","54",,
"IN022023000","NEW DELHI PALAM, IN","2022-01-11","0.00","52",,"45"
"IN022023000","NEW DELHI PALAM, IN","2022-01-12",,"53","61","46"
"IN022023000","NEW DELHI PALAM, IN","2022-01-13",,"53","62","44"
"IN022023000","NEW DELHI PALAM, IN","2022-01-14",,"51","62","45"
"IN022023000","NEW DELHI PALAM, IN","2022-01-15",,"50",,"46"
"IN022023000","NEW DELHI PALAM, IN","2022-01-16",,"52",,
"IN022023000","NEW DELHI PALAM, IN","2022-01-17",,"52",,"46"
"IN022023000","NEW DELHI PALAM, IN","2022-01-18",,"51","60",
"IN022023000","NEW DELHI PALAM, IN","2022-01-19",,"54",,"46"
"IN022023000","NEW DELHI PALAM, IN","2022-01-20","0.00","55",,
"IN022023000","NEW DELHI PALAM, IN","2022-01-21",,"57",,"49"
"IN022023000","NEW DELHI PALAM, IN","2022-01-22","0.24","55",,
"IN022023000","NEW DELHI PALAM, IN","2022-01-23","1.10","54",,
"IN022023000","NEW DELHI PALAM, IN","2022-01-24","0.00","53","61",
"IN022023000","NEW DELHI PALAM, IN","2022-01-25",,"49","59","45"
"IN022023000","NEW DELHI PALAM, IN","2022-01-26",,"53",,"45"
"IN022023000","NEW DELHI PALAM, IN","2022-01-27",,"54",,"45"
"IN022023000","NEW DELHI PALAM, IN","2022-01-28",,"55",,
"IN022023000","NEW DELHI PALAM, IN","2022-01-29",,"58",,"45"
"IN022023000","NEW DELHI PALAM, IN","2022-01-30",,"58","71","49"
"IN022023000","NEW DELHI PALAM, IN","2022-01-31",,"58",,"48"
"IN022023000","NEW DELHI PALAM, IN","2022-02-01",,"56","74","49"
"IN022023000","NEW DELHI PALAM, IN","2022-02-02",,"59",,
"IN022023000","NEW DELHI PALAM, IN","2022-02-03","0.00","54","71",
"IN022023000","NEW DELHI PALAM, IN","2022-02-04","0.04","55",,
"IN022023000","NEW DELHI PALAM, IN","2022-02-05","0.00","53",,"45"
"IN022023000","NEW DELHI PALAM, IN","2022-02-06",,"59",,"46"
"IN022023000","NEW DELHI PALAM, IN","2022-02-07",,"65",,"53"
"IN022023000","NEW DELHI PALAM, IN","2022-02-08",,"65",,"54"
"IN022023000","NEW DELHI PALAM, IN","2022-02-09","0.16","60","78",
"IN022023000","NEW DELHI PALAM, IN","2022-02-10","0.00","60",,"50"
"IN022023000","NEW DELHI PALAM, IN","2022-02-11",,"59",,"48"
"IN022023000","NEW DELHI PALAM, IN","2022-02-12",,"61",,
"IN022023000","NEW DELHI PALAM, IN","2022-02-13",,"64",,
"IN022023000","NEW DELHI PALAM, IN","2022-02-14",,"66","78",
"IN022023000","NEW DELHI PALAM, IN","2022-02-15",,"65","79","54"
"IN022023000","NEW DELHI PALAM, IN","2022-02-16",,"65","79","54"
"IN022023000","NEW DELHI PALAM, IN","2022-02-17",,"65",,
"IN022023000","NEW DELHI PALAM, IN","2022-02-18",,"67",,"55"
"IN022023000","NEW DELHI PALAM, IN","2022-02-19",,"66",,
"IN022023000","NEW DELHI PALAM, IN","2022-02-20",,"64",,"53"
"IN022023000","NEW DELHI PALAM, IN","2022-02-21",,"65",,"52"
"IN022023000","NEW DELHI PALAM, IN","2022-02-22",,"68",,"57"
"IN022023000","NEW DELHI PALAM, IN","2022-02-23",,"66","79",
"IN022023000","NEW DELHI PALAM, IN","2022-02-24",,"68",,
"IN022023000","NEW DELHI PALAM, IN","2022-02-25",,"68",,
"IN022023000","NEW DELHI PALAM, IN","2022-02-26",,"65","81",
"IN022023000","NEW DELHI PALAM, IN","2022-02-27","0.02","64",,
"IN022023000","NEW DELHI PALAM, IN","2022-02-28","0.00","64","77","52"
"IN022023000","NEW DELHI PALAM, IN","2022-03-01",,"66",,
"IN022023000","NEW DELHI PALAM, IN","2022-03-02",,"68",,"56"
"IN022023000","NEW DELHI PALAM, IN","2022-03-03",,"72",,"61"
"IN022023000","NEW DELHI PALAM, IN","2022-03-04",,"68","84",
"IN022023000","NEW DELHI PALAM, IN","2022-03-05",,"67","78",
"IN022023000","NEW DELHI PALAM, IN","2022-03-06",,"70",,
"IN022023000","NEW DELHI PALAM, IN","2022-03-07",,"71",,"60"
"IN022023000","NEW DELHI PALAM, IN","2022-03-08",,"74","86","63"
"IN022023000","NEW DELHI PALAM, IN","2022-03-09",,"74",,"62"
"IN022023000","NEW DELHI PALAM, IN","2022-03-10",,"73","88","62"
"IN022023000","NEW DELHI PALAM, IN","2022-03-11",,"73","85","60"
"IN022023000","NEW DELHI PALAM, IN","2022-03-12",,"74",,"60"
"IN022023000","NEW DELHI PALAM, IN","2022-03-13",,"77",,"63"
"IN022023000","NEW DELHI PALAM, IN","2022-03-14",,"79",,"65"
"IN022023000","NEW DELHI PALAM, IN","2022-03-15",,"81",,"67"
"IN022023000","NEW DELHI PALAM, IN","2022-03-16",,"81","94","69"
"IN022023000","NEW DELHI PALAM, IN","2022-03-17",,"82","95","71"
"IN022023000","NEW DELHI PALAM, IN","2022-03-18",,"82",,
"IN022023000","NEW DELHI PALAM, IN","2022-03-19",,"84",,"72"
"IN022023000","NEW DELHI PALAM, IN","2022-03-20",,"86",,"74"
"IN022023000","NEW DELHI PALAM, IN","2022-03-21",,"85","101","72"
"IN022023000","NEW DELHI PALAM, IN","2022-03-22",,"83","97",
"IN022023000","NEW DELHI PALAM, IN","2022-03-23",,"82",,"72"
"IN022023000","NEW DELHI PALAM, IN","2022-03-24",,"83","96",
"IN022023000","NEW DELHI PALAM, IN","2022-03-25",,"81","96",
"IN022023000","NEW DELHI PALAM, IN","2022-03-26",,"82",,
"IN022023000","NEW DELHI PALAM, IN","2022-03-27",,"83",,"69"
"IN022023000","NEW DELHI PALAM, IN","2022-03-28",,"86",,"69"
"IN022023000","NEW DELHI PALAM, IN","2022-03-29",,"87",,"70"
"IN022023000","NEW DELHI PALAM, IN","2022-03-30",,"88",,"72"
"IN022023000","NEW DELHI PALAM, IN","2022-03-31",,"88","103","75"
"IN022023000","NEW DELHI PALAM, IN","2022-04-01",,"85","103",
"IN022023000","NEW DELHI PALAM, IN","2022-04-02",,"87","103","69"
"IN022023000","NEW DELHI PALAM, IN","2022-04-03",,"88","103","72"
"IN022023000","NEW DELHI PALAM, IN","2022-04-04",,"87","104","74"
"IN022023000","NEW DELHI PALAM, IN","2022-04-05",,"88",,"73"
"IN022023000","NEW DELHI PALAM, IN","2022-04-06",,"88",,"71"
"IN022023000","NEW DELHI PALAM, IN","2022-04-07",,"89","105","72"
"IN022023000","NEW DELHI PALAM, IN","2022-04-08",,"91","108","74"
"IN022023000","NEW DELHI PALAM, IN","2022-04-09",,"94","109","75"
"IN022023000","NEW DELHI PALAM, IN","2022-04-10",,"93","109","79"
"IN022023000","NEW DELHI PALAM, IN","2022-04-11",,"94","109","79"
"IN022023000","NEW DELHI PALAM, IN","2022-04-12",,"92","109",
"IN022023000","NEW DELHI PALAM, IN","2022-04-13",,"92","106","77"
"IN022023000","NEW DELHI PALAM, IN","2022-04-14",,"90","105","80"
"IN022023000","NEW DELHI PALAM, IN","2022-04-15",,"90",,"77"
"IN022023000","NEW DELHI PALAM, IN","2022-04-16",,"91","105","76"
"IN022023000","NEW DELHI PALAM, IN","2022-04-17",,"92","107",
"IN022023000","NEW DELHI PALAM, IN","2022-04-18",,"93",,"79"
"IN022023000","NEW DELHI PALAM, IN","2022-04-19",,"95",,"81"
"IN022023000","NEW DELHI PALAM, IN","2022-04-20",,"94","109","80"
"IN022023000","NEW DELHI PALAM, IN","2022-04-21",,"88","97",
"IN022023000","NEW DELHI PALAM, IN","2022-04-22","0.01","90","102","73"
"IN022023000","NEW DELHI PALAM, IN","2022-04-23","0.00","90",,"75"
"IN022023000","NEW DELHI PALAM, IN","2022-04-24",,"92","103","77"
"IN022023000","NEW DELHI PALAM, IN","2022-04-25",,"93","105","79"
"IN022023000","NEW DELHI PALAM, IN","2022-04-26",,"93","106","74"
"IN022023000","NEW DELHI PALAM, IN","2022-04-27",,"94",,"77"
"IN022023000","NEW DELHI PALAM, IN","2022-05-01",,"93","112","83"
"IN022023000","NEW DELHI PALAM, IN","2022-05-02",,"94",,"82"
"IN022023000","NEW DELHI PALAM, IN","2022-05-03",,"92","103",
"IN022023000","NEW DELHI PALAM, IN","2022-05-04",,"86","103",
"IN022023000","NEW DELHI PALAM, IN","2022-05-05",,"87","101","73"
"IN022023000","NEW DELHI PALAM, IN","2022-05-06",,"91","101","80"
"IN022023000","NEW DELHI PALAM, IN","2022-05-07",,"92","104","79"
"IN022023000","NEW DELHI PALAM, IN","2022-05-08",,"93","107","80"
"IN022023000","NEW DELHI PALAM, IN","2022-05-09",,"93","107","83"
"IN022023000","NEW DELHI PALAM, IN","2022-05-10",,"93","104","84"
"IN022023000","NEW DELHI PALAM, IN","2022-05-11",,"95",,"84"
"IN022023000","NEW DELHI PALAM, IN","2022-05-12",,"96","110",
"IN022023000","NEW DELHI PALAM, IN","2022-05-13",,"96",,"82"
"IN022023000","NEW DELHI PALAM, IN","2022-05-14",,"99","112","82"
"IN022023000","NEW DELHI PALAM, IN","2022-05-15",,"101","116","83"
"IN022023000","NEW DELHI PALAM, IN","2022-05-16",,"98","116",
"IN022023000","NEW DELHI PALAM, IN","2022-05-17",,"96","109","82"
"IN022023000","NEW DELHI PALAM, IN","2022-05-18","0.00","96","108",
"IN022023000","NEW DELHI PALAM, IN","2022-05-19",,"99","112","85"
"IN022023000","NEW DELHI PALAM, IN","2022-05-20",,"98","113",
"IN022023000","NEW DELHI PALAM, IN","2022-05-21","0.08","93","113",
"IN022023000","NEW DELHI PALAM, IN","2022-05-22","0.08","91","110","76"
"IN022023000","NEW DELHI PALAM, IN","2022-05-23","1.10","75","104","64"
"IN022023000","NEW DELHI PALAM, IN","2022-05-24","0.63","81","90","67"
"IN022023000","NEW DELHI PALAM, IN","2022-05-25","0.00","85","94","76"
"IN022023000","NEW DELHI PALAM, IN","2022-05-26",,"89","99",
"IN022023000","NEW DELHI PALAM, IN","2022-05-27",,"90","103","81"
"IN022023000","NEW DELHI PALAM, IN","2022-05-28",,"94","105","83"
"IN022023000","NEW DELHI PALAM, IN","2022-05-29",,"92","106","84"
"IN022023000","NEW DELHI PALAM, IN","2022-05-30","0.00","89","106",
"IN022023000","NEW DELHI PALAM, IN","2022-05-31","0.02","94","105","80"
"IN022023000","NEW DELHI PALAM, IN","2022-06-01","0.00","96","109","81"
"IN022023000","NEW DELHI PALAM, IN","2022-06-02","0.00","98","109","84"
"IN022023000","NEW DELHI PALAM, IN","2022-06-03",,"97",,"84"
"IN022023000","NEW DELHI PALAM, IN","2022-06-04",,"100",,"84"
"IN022023000","NEW DELHI PALAM, IN","2022-06-05",,"100","112","87"
"IN022023000","NEW DELHI PALAM, IN","2022-06-06",,"100","112","87"
"IN022023000","NEW DELHI PALAM, IN","2022-06-07",,"100","112","90"
"IN022023000","NEW DELHI PALAM, IN","2022-06-08",,"100","112","89"
"IN022023000","NEW DELHI PALAM, IN","2022-06-09",,"101","112",
"IN022023000","NEW DELHI PALAM, IN","2022-06-10",,"101",,"90"
"IN022023000","NEW DELHI PALAM, IN","2022-06-11",,"100","112",
"IN022023000","NEW DELHI PALAM, IN","2022-06-12",,"101","111","88"
"IN022023000","NEW DELHI PALAM, IN","2022-06-13",,"100","112",
"IN022023000","NEW DELHI PALAM, IN","2022-06-14",,"95","110",
"IN022023000","NEW DELHI PALAM, IN","2022-06-15",,"97","109",
"IN022023000","NEW DELHI PALAM, IN","2022-06-16","0.02","93","109","82"
"IN022023000","NEW DELHI PALAM, IN","2022-06-17","0.20","83","105","75"
"IN022023000","NEW DELHI PALAM, IN","2022-06-18","0.35","85","100","77"
"IN022023000","NEW DELHI PALAM, IN","2022-06-19","0.04","82","90","77"
"IN022023000","NEW DELHI PALAM, IN","2022-06-20","0.00","87","92","76"
"IN022023000","NEW DELHI PALAM, IN","2022-06-21",,"87","95",
"IN022023000","NEW DELHI PALAM, IN","2022-06-22","0.00","89","100","76"
"IN022023000","NEW DELHI PALAM, IN","2022-06-23",,"92","101",
"IN022023000","NEW DELHI PALAM, IN","2022-06-24",,"92",,"79"
"IN022023000","NEW DELHI PALAM, IN","2022-06-25",,"95","106","81"
"IN022023000","NEW DELHI PALAM, IN","2022-06-26",,"96","107","86"
"IN022023000","NEW DELHI PALAM, IN","2022-06-27",,"96","107","87"
"IN022023000","NEW DELHI PALAM, IN","2022-06-28",,"96","108",
"IN022023000","NEW DELHI PALAM, IN","2022-06-29",,"95","108","86"
"IN022023000","NEW DELHI PALAM, IN","2022-06-30","0.16","80","107",
"IN022023000","NEW DELHI PALAM, IN","2022-07-01","1.26","83","90","77"
"IN022023000","NEW DELHI PALAM, IN","2022-07-02","0.00","87","95","80"
"IN022023000","NEW DELHI PALAM, IN","2022-07-03",,"89","96","81"
"IN022023000","NEW DELHI PALAM, IN","2022-07-04",,"92","101","83"
"IN022023000","NEW DELHI PALAM, IN","2022-07-05",,"93","101","83"
"IN022023000","NEW DELHI PALAM, IN","2022-07-06",,"94","101","87"
"IN022023000","NEW DELHI PALAM, IN","2022-07-07",,"94","101","89"
"IN022023000","NEW DELHI PALAM, IN","2022-07-08",,"96","103","88"
"IN022023000","NEW DELHI PALAM, IN","2022-07-09",,"88","103",
"IN022023000","NEW DELHI PALAM, IN","2022-07-10",,"88","98","83"
"IN022023000","NEW DELHI PALAM, IN","2022-07-11","0.00","89","100","83"
"IN022023000","NEW DELHI PALAM, IN","2022-07-12","0.00","87","100",
"IN022023000","NEW DELHI PALAM, IN","2022-07-13","0.12","89","100",
"IN022023000","NEW DELHI PALAM, IN","2022-07-14","0.00","90","101",
"IN022023000","NEW DELHI PALAM, IN","2022-07-15","0.08","92","101","83"
"IN022023000","NEW DELHI PALAM, IN","2022-07-16","0.00","84","101",
"IN022023000","NEW DELHI PALAM, IN","2022-07-17","0.51","87","99","77"
"IN022023000","NEW DELHI PALAM, IN","2022-07-18","0.08","93","101","83"
"IN022023000","NEW DELHI PALAM, IN","2022-07-19","0.00","90","101",
"IN022023000","NEW DELHI PALAM, IN","2022-07-20","0.39","83","100",
"IN022023000","NEW DELHI PALAM, IN","2022-07-21","3.74","85","96","78"
"IN022023000","NEW DELHI PALAM, IN","2022-07-22","0.00","84","90",
"IN022023000","NEW DELHI PALAM, IN","2022-07-23","0.16","85","93",
"IN022023000","NEW DELHI PALAM, IN","2022-07-24","0.28","86","94","81"
"IN022023000","NEW DELHI PALAM, IN","2022-07-25","0.59","85","95","78"
"IN022023000","NEW DELHI PALAM, IN","2022-07-26","0.51","85","90","81"
"IN022023000","NEW DELHI PALAM, IN","2022-07-27","0.00","85","93","80"
"IN022023000","NEW DELHI PALAM, IN","2022-07-28",,"83","96","80"
"IN022023000","NEW DELHI PALAM, IN","2022-07-29",,"82","96","79"
"IN022023000","NEW DELHI PALAM, IN","2022-07-30",,"83","90","77"
"IN022023000","NEW DELHI PALAM, IN","2022-07-31","0.16","84","92","78"
"IN022023000","NEW DELHI PALAM, IN","2022-08-01","0.00","85","94","80"
"IN022023000","NEW DELHI PALAM, IN","2022-08-02",,"88","96","79"
"IN022023000","NEW DELHI PALAM, IN","2022-08-03",,"87","94","82"
"IN022023000","NEW DELHI PALAM, IN","2022-08-04","0.00","84","94",
"IN022023000","NEW DELHI PALAM, IN","2022-08-05","1.34","82","92","79"
"IN022023000","NEW DELHI PALAM, IN","2022-08-06","0.59","87","92","81"
"IN022023000","NEW DELHI PALAM, IN","2022-08-07","0.00","81","84",
"IN022023000","NEW DELHI PALAM, IN","2022-08-08","1.30","87","95","77"
"IN022023000","NEW DELHI PALAM, IN","2022-08-09","0.00","89","96",
"IN022023000","NEW DELHI PALAM, IN","2022-08-10","0.04","91","97","83"
"IN022023000","NEW DELHI PALAM, IN","2022-08-11","0.00","84","90",
"IN022023000","NEW DELHI PALAM, IN","2022-08-12",,"89","96","80"
"IN022023000","NEW DELHI PALAM, IN","2022-08-13",,"88","94","81"
"IN022023000","NEW DELHI PALAM, IN","2022-08-14",,"83","94",
"IN022023000","NEW DELHI PALAM, IN","2022-08-15",,"85","99","79"
"IN022023000","NEW DELHI PALAM, IN","2022-08-16","0.00","83","99",
"IN022023000","NEW DELHI PALAM, IN","2022-08-17","0.20","85","92","77"
"IN022023000","NEW DELHI PALAM, IN","2022-08-18","0.00","87","95","78"
"IN022023000","NEW DELHI PALAM, IN","2022-08-19",,"88","97","80"
"IN022023000","NEW DELHI PALAM, IN","2022-08-20",,"85","97",
"IN022023000","NEW DELHI PALAM, IN","2022-08-21",,"88","96","81"
"IN022023000","NEW DELHI PALAM, IN","2022-08-22",,"88","96","83"
"IN022023000","NEW DELHI PALAM, IN","2022-08-23",,"86","94",
"IN022023000","NEW DELHI PALAM, IN","2022-08-24",,"84","94","79"
"IN022023000","NEW DELHI PALAM, IN","2022-08-25",,"87","95","79"
"IN022023000","NEW DELHI PALAM, IN","2022-08-26",,"87","96","80"
"IN022023000","NEW DELHI PALAM, IN","2022-08-27",,"87","96","80"
"IN022023000","NEW DELHI PALAM, IN","2022-08-28",,"87","96","80"
"IN022023000","NEW DELHI PALAM, IN","2022-08-29","0.00","86","97",
"IN022023000","NEW DELHI PALAM, IN","2022-08-30","0.35","86","96","75"
"IN022023000","NEW DELHI PALAM, IN","2022-08-31","0.00","89","99",
"IN022023000","NEW DELHI PALAM, IN","2022-09-01",,"89","99","82"
"IN022023000","NEW DELHI PALAM, IN","2022-09-02",,"89","99",
"IN022023000","NEW DELHI PALAM, IN","2022-09-03",,"90","98","81"
"IN022023000","NEW DELHI PALAM, IN","2022-09-04",,"90","100",
"IN022023000","NEW DELHI PALAM, IN","2022-09-05",,"89","100","81"
"IN022023000","NEW DELHI PALAM, IN","2022-09-06",,"89","99","81"
"IN022023000","NEW DELHI PALAM, IN","2022-09-07",,"90","101","82"
"IN022023000","NEW DELHI PALAM, IN","2022-09-08",,"90","101",
"IN022023000","NEW DELHI PALAM, IN","2022-09-09",,"90","100",
"IN022023000","NEW DELHI PALAM, IN","2022-09-10",,"89","100","82"
"IN022023000","NEW DELHI PALAM, IN","2022-09-11",,"89","98","81"
"IN022023000","NEW DELHI PALAM, IN","2022-09-12",,"88","98",
"IN022023000","NEW DELHI PALAM, IN","2022-09-13","0.24","86","98","76"
"IN022023000","NEW DELHI PALAM, IN","2022-09-14","0.00","82","94",
"IN022023000","NEW DELHI PALAM, IN","2022-09-15","0.24","79","91",
"IN022023000","NEW DELHI PALAM, IN","2022-09-16","0.16","77","88","73"
"IN022023000","NEW DELHI PALAM, IN","2022-09-17","0.08","83",,"74"
"IN022023000","NEW DELHI PALAM, IN","2022-09-18","0.00","86","96","77"
"IN022023000","NEW DELHI PALAM, IN","2022-09-19",,"85","96","79"
"IN022023000","NEW DELHI PALAM, IN","2022-09-20",,"84",,"79"
"IN022023000","NEW DELHI PALAM, IN","2022-09-21",,"81","93",
"IN022023000","NEW DELHI PALAM, IN","2022-09-22",,"78","92","75"
"IN022023000","NEW DELHI PALAM, IN","2022-09-23","4.02","77","83","73"
"IN022023000","NEW DELHI PALAM, IN","2022-09-24","1.57","78","81","76"
"IN022023000","NEW DELHI PALAM, IN","2022-09-25","0.94","81","89","77"
"IN022023000","NEW DELHI PALAM, IN","2022-09-26","0.00","83","91","76"
"IN022023000","NEW DELHI PALAM, IN","2022-09-27",,"84","92","75"
"IN022023000","NEW DELHI PALAM, IN","2022-09-28",,"84","94",
"IN022023000","NEW DELHI PALAM, IN","2022-09-29",,"84","94","77"
"IN022023000","NEW DELHI PALAM, IN","2022-09-30",,"84","93","76"
"IN022023000","NEW DELHI PALAM, IN","2022-10-01",,"85","94","77"
"IN022023000","NEW DELHI PALAM, IN","2022-10-02",,"85","94",
"IN022023000","NEW DELHI PALAM, IN","2022-10-03",,"85","94",
"IN022023000","NEW DELHI PALAM, IN","2022-10-04",,"85","93","75"
"IN022023000","NEW DELHI PALAM, IN","2022-10-05",,"82","93",
"IN022023000","NEW DELHI PALAM, IN","2022-10-06",,"78","94","72"
"IN022023000","NEW DELHI PALAM, IN","2022-10-07","0.00","76","87","72"
"IN022023000","NEW DELHI PALAM, IN","2022-10-08","0.16","72","81",
"IN022023000","NEW DELHI PALAM, IN","2022-10-09","2.52","71","76","68"
"IN022023000","NEW DELHI PALAM, IN","2022-10-10","0.00","72","76","69"
"IN022023000","NEW DELHI PALAM, IN","2022-10-11","0.01","77",,"70"
"IN022023000","NEW DELHI PALAM, IN","2022-10-12","0.00","77",,
"IN022023000","NEW DELHI PALAM, IN","2022-10-13",,"77","86",
"IN022023000","NEW DELHI PALAM, IN","2022-10-14",,"78","87","69"
"IN022023000","NEW DELHI PALAM, IN","2022-10-15",,"79",,"69"
"IN022023000","NEW DELHI PALAM, IN","2022-10-16",,"81",,"70"
"IN022023000","NEW DELHI PALAM, IN","2022-10-17",,"80",,
"IN022023000","NEW DELHI PALAM, IN","2022-10-18",,"79",,"67"
"IN022023000","NEW DELHI PALAM, IN","2022-10-19",,"81","92","68"
"IN022023000","NEW DELHI PALAM, IN","2022-10-20",,"81","92","68"
"IN022023000","NEW DELHI PALAM, IN","2022-10-21",,"80","92","69"
"IN022023000","NEW DELHI PALAM, IN","2022-10-22",,"77",,
"IN022023000","NEW DELHI PALAM, IN","2022-10-23",,"75",,"63"
"IN022023000","NEW DELHI PALAM, IN","2022-10-24",,"75",,"64"
"IN022023000","NEW DELHI PALAM, IN","2022-10-25",,"75","87","63"
"IN022023000","NEW DELHI PALAM, IN","2022-10-26",,"76","88",
"IN022023000","NEW DELHI PALAM, IN","2022-10-27",,"76","88","64"
"IN022023000","NEW DELHI PALAM, IN","2022-10-28",,"76","87","65"
"IN022023000","NEW DELHI PALAM, IN","2022-10-29",,"75","87","66"
"IN022023000","NEW DELHI PALAM, IN","2022-10-30",,"74",,"63"
"IN022023000","NEW DELHI PALAM, IN","2022-10-31",,"75",,"63"
"IN022023000","NEW DELHI PALAM, IN","2022-11-01",,"77","90","65"
"IN022023000","NEW DELHI PALAM, IN","2022-11-02",,"76","90","65"
"IN022023000","NEW DELHI PALAM, IN","2022-11-03",,"76",,"64"
"IN022023000","NEW DELHI PALAM, IN","2022-11-04",,"76","88","67"
"IN022023000","NEW DELHI PALAM, IN","2022-11-05",,"76","88",
"IN022023000","NEW DELHI PALAM, IN","2022-11-06",,"76","87","68"
"IN022023000","NEW DELHI PALAM, IN","2022-11-07",,"78","90","67"
"IN022023000","NEW DELHI PALAM, IN","2022-11-08",,"75","90",
"IN022023000","NEW DELHI PALAM, IN","2022-11-09",,"74","85","65"
"IN022023000","NEW DELHI PALAM, IN","2022-11-10",,"74","85",
"IN022023000","NEW DELHI PALAM, IN","2022-11-11",,"71","83","62"
"IN022023000","NEW DELHI PALAM, IN","2022-11-12",,"70","81","59"
"IN022023000","NEW DELHI PALAM, IN","2022-11-13",,"70",,"60"
"IN022023000","NEW DELHI PALAM, IN","2022-11-14",,"73","85","63"
"IN022023000","NEW DELHI PALAM, IN","2022-11-15",,"72","83","64"
"IN022023000","NEW DELHI PALAM, IN","2022-11-16",,"69","83",
"IN022023000","NEW DELHI PALAM, IN","2022-11-17",,"65","76","56"
"IN022023000","NEW DELHI PALAM, IN","2022-11-18",,"66",,"54"
"IN022023000","NEW DELHI PALAM, IN","2022-11-19",,"67","80","54"
"IN022023000","NEW DELHI PALAM, IN","2022-11-20",,"66","80","55"
"IN022023000","NEW DELHI PALAM, IN","2022-11-21",,"66",,"54"
"IN022023000","NEW DELHI PALAM, IN","2022-11-22",,"65",,"53"
"IN022023000","NEW DELHI PALAM, IN","2022-11-23",,"66",,"54"
"IN022023000","NEW DELHI PALAM, IN","2022-11-24",,"65",,"53"
"IN022023000","NEW DELHI PALAM, IN","2022-11-25",,"66","79","52"
"IN022023000","NEW DELHI PALAM, IN","2022-11-26",,"64",,"53"
"IN022023000","NEW DELHI PALAM, IN","2022-11-27",,"64","77","51"
"IN022023000","NEW DELHI PALAM, IN","2022-11-28",,"65","77","52"
"IN022023000","NEW DELHI PALAM, IN","2022-11-29",,"65",,"51"
"IN022023000","NEW DELHI PALAM, IN","2022-11-30",,"64",,"53"
"IN022023000","NEW DELHI PALAM, IN","2022-12-01",,"64","76","53"
"IN022023000","NEW DELHI PALAM, IN","2022-12-02",,"65",,"53"
"IN022023000","NEW DELHI PALAM, IN","2022-12-03",,"65","76","54"
"IN022023000","NEW DELHI PALAM, IN","2022-12-04",,"63","74","54"
"IN022023000","NEW DELHI PALAM, IN","2022-12-05",,"62","75","51"
"IN022023000","NEW DELHI PALAM, IN","2022-12-06",,"60",,"52"
"IN022023000","NEW DELHI PALAM, IN","2022-12-07",,"62",,"51"
"IN022023000","NEW DELHI PALAM, IN","2022-12-08",,"62",,
"IN022023000","NEW DELHI PALAM, IN","2022-12-09",,"64",,"51"
"IN022023000","NEW DELHI PALAM, IN","2022-12-10",,"65",,
"IN022023000","NEW DELHI PALAM, IN","2022-12-11",,"65",,"53"
"IN022023000","NEW DELHI PALAM, IN","2022-12-12",,"63","77","53"
"IN022023000","NEW DELHI PALAM, IN","2022-12-13",,"64",,"51"
"IN022023000","NEW DELHI PALAM, IN","2022-12-14",,"61",,
"IN022023000","NEW DELHI PALAM, IN","2022-12-15",,"61","74",
"IN022023000","NEW DELHI PALAM, IN","2022-12-16",,"59","71","50"
"IN022023000","NEW DELHI PALAM, IN","2022-12-17",,"60","72","48"
"IN022023000","NEW DELHI PALAM, IN","2022-12-18",,"59",,
"IN022023000","NEW DELHI PALAM, IN","2022-12-19",,"59","71",
"IN022023000","NEW DELHI PALAM, IN","2022-12-20",,"56","70","45"
"IN022023000","NEW DELHI PALAM, IN","2022-12-21",,"56","67",
"IN022023000","NEW DELHI PALAM, IN","2022-12-22",,"54","67","46"
"IN022023000","NEW DELHI PALAM, IN","2022-12-23",,"56","66","45"
"IN022023000","NEW DELHI PALAM, IN","2022-12-24",,"52","66","43"
"IN022023000","NEW DELHI PALAM, IN","2022-12-25",,"49",,"43"
"IN022023000","NEW DELHI PALAM, IN","2022-12-26",,"48","57","44"
"IN022023000","NEW DELHI PALAM, IN","2022-12-27",,"51",,"42"
"IN022023000","NEW DELHI PALAM, IN","2022-12-28",,"56","71","45"
"IN022023000","NEW DELHI PALAM, IN","2022-12-29",,"59","73","49"
"IN022023000","NEW DELHI PALAM, IN","2022-12-30",,"60","73",
"IN022023000","NEW DELHI PALAM, IN","2022-12-31",,"56","72",
"IN022023000","NEW DELHI PALAM, IN","2023-01-01",,"56","67","48"
"IN022023000","NEW DELHI PALAM, IN","2023-01-02",,"54","67",
"IN022023000","NEW DELHI PALAM, IN","2023-01-03",,"52","64",
"IN022023000","NEW DELHI PALAM, IN","2023-01-04",,"49","59",
"IN022023000","NEW DELHI PALAM, IN","2023-01-05",,"48","57","43"
"IN022023000","NEW DELHI PALAM, IN","2023-01-06",,"48",,
"IN022023000","NEW DELHI PALAM, IN","2023-01-07",,"47",,
"IN022023000","NEW DELHI PALAM, IN","2023-01-08",,"49",,"41"
"IN022023000","NEW DELHI PALAM, IN","2023-01-09",,"51","63","42"
"IN022023000","NEW DELHI PALAM, IN","2023-01-10",,"52",,
"IN022023000","NEW DELHI PALAM, IN","2023-01-11",,"54","69","46"
"IN022023000","NEW DELHI PALAM, IN","2023-01-12",,"58",,"49"
"IN022023000","NEW DELHI PALAM, IN","2023-01-13",,"59","70",
"IN022023000","NEW DELHI PALAM, IN","2023-01-14",,"53","69",
"IN022023000","NEW DELHI PALAM, IN","2023-01-15",,"51","63",
"IN022023000","NEW DELHI PALAM, IN","2023-01-16",,"52","64",
"IN022023000","NEW DELHI PALAM, IN","2023-01-17",,"51","65","41"
"IN022023000","NEW DELHI PALAM, IN","2023-01-18",,"53","65","43"
"IN022023000","NEW DELHI PALAM, IN","2023-01-19",,"59","70","48"
"IN022023000","NEW DELHI PALAM, IN","2023-01-20",,"61","73",
"IN022023000","NEW DELHI PALAM, IN","2023-01-21",,"59","73","50"
"IN022023000","NEW DELHI PALAM, IN","2023-01-22",,"60","73",
"IN022023000","NEW DELHI PALAM, IN","2023-01-23",,"63","77",
"IN022023000","NEW DELHI PALAM, IN","2023-01-24",,"63","77",
"IN022023000","NEW DELHI PALAM, IN","2023-01-25",,"60","69",
"IN022023000","NEW DELHI PALAM, IN","2023-01-26",,"55","67",
"IN022023000","NEW DELHI PALAM, IN","2023-01-27",,"54","68",
"IN022023000","NEW DELHI PALAM, IN","2023-01-28",,"57","73",
"IN022023000","NEW DELHI PALAM, IN","2023-01-29",,"56","73","51"
"IN022023000","NEW DELHI PALAM, IN","2023-01-30","1.02","58","65","53"
"IN022023000","NEW DELHI PALAM, IN","2023-01-31","0.00","57","67",
"IN022023000","NEW DELHI PALAM, IN","2023-02-01",,"57",,"50"
"IN022023000","NEW DELHI PALAM, IN","2023-02-02",,"60","74","48"
"IN022023000","NEW DELHI PALAM, IN","2023-02-03",,"62","74",
"IN022023000","NEW DELHI PALAM, IN","2023-02-04",,"62","76",
"IN022023000","NEW DELHI PALAM, IN","2023-02-05",,"64",,
"IN022023000","NEW DELHI PALAM, IN","2023-02-06",,"69","82","54"
"IN022023000","NEW DELHI PALAM, IN","2023-02-07",,"64",,
"IN022023000","NEW DELHI PALAM, IN","2023-02-08",,"63","76",
"IN022023000","NEW DELHI PALAM, IN","2023-02-09",,"68",,
"IN022023000","NEW DELHI PALAM, IN","2023-02-10",,"70","84",
"IN022023000","NEW DELHI PALAM, IN","2023-02-11",,"68","84",
"IN022023000","NEW DELHI PALAM, IN","2023-02-12",,"62","80",
"IN022023000","NEW DELHI PALAM, IN","2023-02-13",,"59","73",
"IN022023000","NEW DELHI PALAM, IN","2023-02-14",,"63","76","51"
"IN022023000","NEW DELHI PALAM, IN","2023-02-15",,"66",,
"IN022023000","NEW DELHI PALAM, IN","2023-02-16",,"68","82","55"
"IN022023000","NEW DELHI PALAM, IN","2023-02-17",,"71","83",
"IN022023000","NEW DELHI PALAM, IN","2023-02-18",,"69","83",
"IN022023000","NEW DELHI PALAM, IN","2023-02-19",,"72","87","59"
"IN022023000","NEW DELHI PALAM, IN","2023-02-20",,"74",,
"IN022023000","NEW DELHI PALAM, IN","2023-02-21",,"74","90",
"IN022023000","NEW DELHI PALAM, IN","2023-02-22",,"69","85",
"IN022023000","NEW DELHI PALAM, IN","2023-02-23",,"70","83","59"
"IN022023000","NEW DELHI PALAM, IN","2023-02-24",,"70","85","57"
"IN022023000","NEW DELHI PALAM, IN","2023-02-25",,"72","85",
"IN022023000","NEW DELHI PALAM, IN","2023-02-26",,"74","89","63"
"IN022023000","NEW DELHI PALAM, IN","2023-02-27",,"74",,"63"
"IN022023000","NEW DELHI PALAM, IN","2023-02-28",,"74","88","63"
"IN022023000","NEW DELHI PALAM, IN","2023-03-01","0.01","74","85","64"
"IN022023000","NEW DELHI PALAM, IN","2023-03-02","0.01","75","87","63"
"IN022023000","NEW DELHI PALAM, IN","2023-03-03","0.00","77","88",
"IN022023000","NEW DELHI PALAM, IN","2023-03-04",,"72","88","63"
"IN022023000","NEW DELHI PALAM, IN","2023-03-05",,"75","86","63"
"IN022023000","NEW DELHI PALAM, IN","2023-03-06",,"74","86","63"
"IN022023000","NEW DELHI PALAM, IN","2023-03-07",,"74","87","63"
"IN022023000","NEW DELHI PALAM, IN","2023-03-08",,"75","87","63"
"IN022023000","NEW DELHI PALAM, IN","2023-03-09",,"75","87",
"IN022023000","NEW DELHI PALAM, IN","2023-03-10",,"75","87","64"
"IN022023000","NEW DELHI PALAM, IN","2023-03-11",,"76","90",
"IN022023000","NEW DELHI PALAM, IN","2023-03-12",,"78","92",
"IN022023000","NEW DELHI PALAM, IN","2023-03-13",,"79","92","67"
"IN022023000","NEW DELHI PALAM, IN","2023-03-14",,"78","91","67"
"IN022023000","NEW DELHI PALAM, IN","2023-03-15",,"80","93","67"
"IN022023000","NEW DELHI PALAM, IN","2023-03-16",,"80","93",
"IN022023000","NEW DELHI PALAM, IN","2023-03-17",,"76","85",
"IN022023000","NEW DELHI PALAM, IN","2023-03-18","0.04","67","85",
"IN022023000","NEW DELHI PALAM, IN","2023-03-19","0.20","69","81",
"IN022023000","NEW DELHI PALAM, IN","2023-03-20","1.18","67","81",
"IN022023000","NEW DELHI PALAM, IN","2023-03-21","0.63","68","79","60"
"IN022023000","NEW DELHI PALAM, IN","2023-03-22","0.00","71",,"62"
"IN022023000","NEW DELHI PALAM, IN","2023-03-23",,"75","86","62"
"IN022023000","NEW DELHI PALAM, IN","2023-03-24",,"71","86",
"IN022023000","NEW DELHI PALAM, IN","2023-03-25","0.59","74","84",
"IN022023000","NEW DELHI PALAM, IN","2023-03-26","0.00","76","87","64"
"IN022023000","NEW DELHI PALAM, IN","2023-03-27",,"73","84","64"
"IN022023000","NEW DELHI PALAM, IN","2023-03-28",,"76","88","64"
"IN022023000","NEW DELHI PALAM, IN","2023-03-29",,"77","91","67"
"IN022023000","NEW DELHI PALAM, IN","2023-03-30",,"74","91",
"IN022023000","NEW DELHI PALAM, IN","2023-03-31",,"69","79",
"IN022023000","NEW DELHI PALAM, IN","2023-04-01",,"70","82","62"
"IN022023000","NEW DELHI PALAM, IN","2023-04-02",,"76","86","63"
"IN022023000","NEW DELHI PALAM, IN","2023-04-03",,"76","89","67"
"IN022023000","NEW DELHI PALAM, IN","2023-04-04","0.00","77","89","66"
"IN022023000","NEW DELHI PALAM, IN","2023-04-05",,"78","90","65"
"IN022023000","NEW DELHI PALAM, IN","2023-04-06","0.00","80","92","67"
"IN022023000","NEW DELHI PALAM, IN","2023-04-07",,"79","92","68"
"IN022023000","NEW DELHI PALAM, IN","2023-04-08",,"80","93","64"
"IN022023000","NEW DELHI PALAM, IN","2023-04-09",,"82","96","67"
"IN022023000","NEW DELHI PALAM, IN","2023-04-10",,"82","95","67"
"IN022023000","NEW DELHI PALAM, IN","2023-04-11",,"84","98","68"
"IN022023000","NEW DELHI PALAM, IN","2023-04-12",,"86","98",
"IN022023000","NEW DELHI PALAM, IN","2023-04-13","0.00","87","103","72"
"IN022023000","NEW DELHI PALAM, IN","2023-04-14",,"89","103","75"
"IN022023000","NEW DELHI PALAM, IN","2023-04-15",,"91","105","75"
"IN022023000","NEW DELHI PALAM, IN","2023-04-16",,"90","105",
"IN022023000","NEW DELHI PALAM, IN","2023-04-17","0.00","91","105","77"
"IN022023000","NEW DELHI PALAM, IN","2023-04-18",,"92","105","78"
"IN022023000","NEW DELHI PALAM, IN","2023-04-19",,"87","105",
"IN022023000","NEW DELHI PALAM, IN","2023-04-20",,"84","101",
"IN022023000","NEW DELHI PALAM, IN","2023-04-21",,"84","98",
"IN022023000","NEW DELHI PALAM, IN","2023-04-22","0.00","85","98","73"
"IN022023000","NEW DELHI PALAM, IN","2023-04-23","0.00","80","98",
"IN022023000","NEW DELHI PALAM, IN","2023-04-24","0.00","80","91","70"
"IN022023000","NEW DELHI PALAM, IN","2023-04-25",,"82","95","70"
"IN022023000","NEW DELHI PALAM, IN","2023-04-26",,"85","99","72"
"IN022023000","NEW DELHI PALAM, IN","2023-04-27",,"86",,"75"
"IN022023000","NEW DELHI PALAM, IN","2023-04-28","0.00","82","101","74"
"IN022023000","NEW DELHI PALAM, IN","2023-04-29",,"82","94","76"
"IN022023000","NEW DELHI PALAM, IN","2023-04-30","0.00","76","90",
"IN022023000","NEW DELHI PALAM, IN","2023-05-01","0.00","71","85",
"IN022023000","NEW DELHI PALAM, IN","2023-05-02","0.02","74",,"68"
"IN022023000","NEW DELHI PALAM, IN","2023-05-03","0.00","73","90",
"IN022023000","NEW DELHI PALAM, IN","2023-05-04","0.55","78","90","66"
"IN022023000","NEW DELHI PALAM, IN","2023-05-05","0.00","83","93","72"
"IN022023000","NEW DELHI PALAM, IN","2023-05-06",,"84",,
"IN022023000","NEW DELHI PALAM, IN","2023-05-07","0.00","85","100","75"
"IN022023000","NEW DELHI PALAM, IN","2023-05-08","0.08","85","100","73"
"IN022023000","NEW DELHI PALAM, IN","2023-05-09","0.00","87","99","72"
"IN022023000","NEW DELHI PALAM, IN","2023-05-10",,"87",,"73"
"IN022023000","NEW DELHI PALAM, IN","2023-05-11",,"89","103","74"
"IN022023000","NEW DELHI PALAM, IN","2023-05-12",,"92","108","76"
"IN022023000","NEW DELHI PALAM, IN","2023-05-13",,"93","108","80"
"IN022023000","NEW DELHI PALAM, IN","2023-05-14",,"93","105",
"IN022023000","NEW DELHI PALAM, IN","2023-05-15",,"93",,"80"
"IN022023000","NEW DELHI PALAM, IN","2023-05-16",,"92","107",
"IN022023000","NEW DELHI PALAM, IN","2023-05-17",,"91","106",
"IN022023000","NEW DELHI PALAM, IN","2023-05-18","0.01","86","99",
"IN022023000","NEW DELHI PALAM, IN","2023-05-19","0.00","90","102",
"IN022023000","NEW DELHI PALAM, IN","2023-05-20",,"93","107","79"
"IN022023000","NEW DELHI PALAM, IN","2023-05-21",,"98",,"81"
"IN022023000","NEW DELHI PALAM, IN","2023-05-22",,"100","112","87"
"IN022023000","NEW DELHI PALAM, IN","2023-05-23",,"96","112",
"IN022023000","NEW DELHI PALAM, IN","2023-05-24",,"85","112",
"IN022023000","NEW DELHI PALAM, IN","2023-05-25",,"83","99",
"IN022023000","NEW DELHI PALAM, IN","2023-05-26",,"84","94","70"
"IN022023000","NEW DELHI PALAM, IN","2023-05-27","0.75","81","94","68"
"IN022023000","NEW DELHI PALAM, IN","2023-05-28","0.00","85","95",
"IN022023000","NEW DELHI PALAM, IN","2023-05-29","0.00","80","96",
"IN022023000","NEW DELHI PALAM, IN","2023-05-30","0.03","81","96",
"IN022023000","NEW DELHI PALAM, IN","2023-05-31","0.75","76","96",
"IN022023000","NEW DELHI PALAM, IN","2023-06-01","0.03","79","89","72"
"IN022023000","NEW DELHI PALAM, IN","2023-06-02","0.01","84","94","73"
"IN022023000","NEW DELHI PALAM, IN","2023-06-03","0.00","87","97","77"
"IN022023000","NEW DELHI PALAM, IN","2023-06-04","0.01","85","97",
"IN022023000","NEW DELHI PALAM, IN","2023-06-05","0.00","89","101",
"IN022023000","NEW DELHI PALAM, IN","2023-06-06","0.00","89","103","77"
"IN022023000","NEW DELHI PALAM, IN","2023-06-07",,"91","102",
"IN022023000","NEW DELHI PALAM, IN","2023-06-08",,"94","105","82"
"IN022023000","NEW DELHI PALAM, IN","2023-06-09",,"93","106","83"
"IN022023000","NEW DELHI PALAM, IN","2023-06-10",,"93",,
"IN022023000","NEW DELHI PALAM, IN","2023-06-11","0.04","91","102","79"
"IN022023000","NEW DELHI PALAM, IN","2023-06-12","0.00","96","105",
"IN022023000","NEW DELHI PALAM, IN","2023-06-13",,"98","108",
"IN022023000","NEW DELHI PALAM, IN","2023-06-14",,"95","108",
"IN022023000","NEW DELHI PALAM, IN","2023-06-15",,"92","101","84"
"IN022023000","NEW DELHI PALAM, IN","2023-06-16",,"89","103",
"IN022023000","NEW DELHI PALAM, IN","2023-06-17",,"90","103","77"
"IN022023000","NEW DELHI PALAM, IN","2023-06-18",,"88","100",
"IN022023000","NEW DELHI PALAM, IN","2023-06-19","0.43","83","93","78"
"IN022023000","NEW DELHI PALAM, IN","2023-06-20","0.16","88","98","79"
"IN022023000","NEW DELHI PALAM, IN","2023-06-21","0.02","88","97","78"
"IN022023000","NEW DELHI PALAM, IN","2023-06-22","0.00","91","99",
"IN022023000","NEW DELHI PALAM, IN","2023-06-23","1.65","91","99","79"
"IN022023000","NEW DELHI PALAM, IN","2023-06-24","0.00","89","99",
"IN022023000","NEW DELHI PALAM, IN","2023-06-25","1.18","79","84","75"
"IN022023000","NEW DELHI PALAM, IN","2023-06-26","0.28","84","91","79"
"IN022023000","NEW DELHI PALAM, IN","2023-06-27","0.04","85","94","79"
"IN022023000","NEW DELHI PALAM, IN","2023-06-28","0.00","85","95",
"IN022023000","NEW DELHI PALAM, IN","2023-06-29","1.10","84","95","75"
"IN022023000","NEW DELHI PALAM, IN","2023-06-30","0.28","82","93",
"IN022023000","NEW DELHI PALAM, IN","2023-07-01","0.16","85","93","79"
"IN022023000","NEW DELHI PALAM, IN","2023-07-02","0.00","88","96","80"
"IN022023000","NEW DELHI PALAM, IN","2023-07-03",,"92","100","83"
"IN022023000","NEW DELHI PALAM, IN","2023-07-04",,"87","100",
"IN022023000","NEW DELHI PALAM, IN","2023-07-05",,"85","97",
"IN022023000","NEW DELHI PALAM, IN","2023-07-06",,"83","93","78"
"IN022023000","NEW DELHI PALAM, IN","2023-07-07",,"85","92","81"
"IN022023000","NEW DELHI PALAM, IN","2023-07-08","0.24","81","92","77"
"IN022023000","NEW DELHI PALAM, IN","2023-07-09","1.50","80","87","79"
"IN022023000","NEW DELHI PALAM, IN","2023-07-10","1.18","82","88","79"
"IN022023000","NEW DELHI PALAM, IN","2023-07-11","0.16","83","92","78"
"IN022023000","NEW DELHI PALAM, IN","2023-07-12","0.00","85","92",
"IN022023000","NEW DELHI PALAM, IN","2023-07-13","0.03","85","92","80"
"IN022023000","NEW DELHI PALAM, IN","2023-07-14","0.00","85","92",
"IN022023000","NEW DELHI PALAM, IN","2023-07-15","0.39","84","92",
"IN022023000","NEW DELHI PALAM, IN","2023-07-16","0.75","84","93","79"
"IN022023000","NEW DELHI PALAM, IN","2023-07-17","0.28","87","95","80"
"IN022023000","NEW DELHI PALAM, IN","2023-07-18","0.08","84","95","81"
"IN022023000","NEW DELHI PALAM, IN","2023-07-19","0.02","88","95","82"
"IN022023000","NEW DELHI PALAM, IN","2023-07-20","0.00","91","99",
"IN022023000","NEW DELHI PALAM, IN","2023-07-21",,"91","99",
"IN022023000","NEW DELHI PALAM, IN","2023-07-22",,"89","99",
"IN022023000","NEW DELHI PALAM, IN","2023-07-23",,"90","97",
"IN022023000","NEW DELHI PALAM, IN","2023-07-24",,"89","98",
"IN022023000","NEW DELHI PALAM, IN","2023-07-25",,"87",,
"IN022023000","NEW DELHI PALAM, IN","2023-07-26",,"82","96","77"
"IN022023000","NEW DELHI PALAM, IN","2023-07-27",,"85",,"81"
"IN022023000","NEW DELHI PALAM, IN","2023-07-28",,"83","94",
"IN022023000","NEW DELHI PALAM, IN","2023-07-29",,"82","94","76"
"IN022023000","NEW DELHI PALAM, IN","2023-07-30","0.00","86","95","78"
"IN022023000","NEW DELHI PALAM, IN","2023-07-31",,"88","95","80"
"IN022023000","NEW DELHI PALAM, IN","2023-08-01","0.00","88","98","81"
"IN022023000","NEW DELHI PALAM, IN","2023-08-02",,"87","98",
"IN022023000","NEW DELHI PALAM, IN","2023-08-03","0.02","87","96",
"IN022023000","NEW DELHI PALAM, IN","2023-08-04","1.06","85","96","79"
"IN022023000","NEW DELHI PALAM, IN","2023-08-05","0.12","86","93",
"IN022023000","NEW DELHI PALAM, IN","2023-08-06","0.39","88","94",
"IN022023000","NEW DELHI PALAM, IN","2023-08-07","0.00","87","94","81"
"IN022023000","NEW DELHI PALAM, IN","2023-08-08",,"87","93",
"IN022023000","NEW DELHI PALAM, IN","2023-08-09",,"87","93","81"
"IN022023000","NEW DELHI PALAM, IN","2023-08-10",,"87","96",
"IN022023000","NEW DELHI PALAM, IN","2023-08-11",,"88","98","81"
"IN022023000","NEW DELHI PALAM, IN","2023-08-12",,"89","98","82"
"IN022023000","NEW DELHI PALAM, IN","2023-08-13",,"87","98","81"
"IN022023000","NEW DELHI PALAM, IN","2023-08-14",,"87","93",
"IN022023000","NEW DELHI PALAM, IN","2023-08-15",,"87","96",
"IN022023000","NEW DELHI PALAM, IN","2023-08-16",,"89","97","82"
"IN022023000","NEW DELHI PALAM, IN","2023-08-17",,"90","97","82"
"IN022023000","NEW DELHI PALAM, IN","2023-08-18",,"91","97",
"IN022023000","NEW DELHI PALAM, IN","2023-08-19","1.73","86","97","76"
"IN022023000","NEW DELHI PALAM, IN","2023-08-20","0.02","89","96",
"IN022023000","NEW DELHI PALAM, IN","2023-08-21","0.00","90","99","83"
"IN022023000","NEW DELHI PALAM, IN","2023-08-22",,"87","97",
"IN022023000","NEW DELHI PALAM, IN","2023-08-23","0.00","82","97",
"IN022023000","NEW DELHI PALAM, IN","2023-08-24","0.20","84","92",
"IN022023000","NEW DELHI PALAM, IN","2023-08-25","0.00","87","95","78"
"IN022023000","NEW DELHI PALAM, IN","2023-08-26",,"87","96","80"
"IN022023000","NEW DELHI PALAM, IN","2023-08-27",,"87","97","80"
"IN022023000","NEW DELHI PALAM, IN","2023-08-28",,"88","97","80"
"IN022023000","NEW DELHI PALAM, IN","2023-08-29",,"89","98","80"
"IN022023000","NEW DELHI PALAM, IN","2023-08-30",,"89","97","82"
"IN022023000","NEW DELHI PALAM, IN","2023-08-31",,"90","99","81"
"IN022023000","NEW DELHI PALAM, IN","2023-09-01",,"92","99",
"IN022023000","NEW DELHI PALAM, IN","2023-09-02",,"90","99","82"
"IN022023000","NEW DELHI PALAM, IN","2023-09-03",,"89","99","81"
"IN022023000","NEW DELHI PALAM, IN","2023-09-04",,"89","99","81"
"IN022023000","NEW DELHI PALAM, IN","2023-09-05",,"90","100",
"IN022023000","NEW DELHI PALAM, IN","2023-09-06",,"88","99","80"
"IN022023000","NEW DELHI PALAM, IN","2023-09-07",,"87","100",
"IN022023000","NEW DELHI PALAM, IN","2023-09-08",,"86","100",
"IN022023000","NEW DELHI PALAM, IN","2023-09-09","0.47","80","90",
"IN022023000","NEW DELHI PALAM, IN","2023-09-10","1.81","78","90","74"
"IN022023000","NEW DELHI PALAM, IN","2023-09-11","0.01","82","89","76"
"IN022023000","NEW DELHI PALAM, IN","2023-09-12","0.04","85","93","78"
"IN022023000","NEW DELHI PALAM, IN","2023-09-13","0.00","88","96","80"
"IN022023000","NEW DELHI PALAM, IN","2023-09-14",,"89",,"82"
"IN022023000","NEW DELHI PALAM, IN","2023-09-15","0.04","84","97","75"
"IN022023000","NEW DELHI PALAM, IN","2023-09-16","0.00","82","92",
"IN022023000","NEW DELHI PALAM, IN","2023-09-17","0.51","83","91","77"
"IN022023000","NEW DELHI PALAM, IN","2023-09-18","0.08","84","91","77"
"IN022023000","NEW DELHI PALAM, IN","2023-09-19","0.00","88","95",
"IN022023000","NEW DELHI PALAM, IN","2023-09-20",,"88",,"81"
"IN022023000","NEW DELHI PALAM, IN","2023-09-21",,"88","100","82"
"IN022023000","NEW DELHI PALAM, IN","2023-09-22",,"87","100","81"
"IN022023000","NEW DELHI PALAM, IN","2023-09-23",,"82","94",
"IN022023000","NEW DELHI PALAM, IN","2023-09-24",,"83","94",
"IN022023000","NEW DELHI PALAM, IN","2023-09-25",,"85","95","77"
"IN022023000","NEW DELHI PALAM, IN","2023-09-26",,"86","95","79"
"IN022023000","NEW DELHI PALAM, IN","2023-09-27",,"85","95",
"IN022023000","NEW DELHI PALAM, IN","2023-09-28",,"84","94","73"
"IN022023000","NEW DELHI PALAM, IN","2023-09-29",,"85","94","74"
"IN022023000","NEW DELHI PALAM, IN","2023-09-30",,"85","96","77"
"IN022023000","NEW DELHI PALAM, IN","2023-10-01",,"84","96","74"
"IN022023000","NEW DELHI PALAM, IN","2023-10-02",,"82","95","72"
"IN022023000","NEW DELHI PALAM, IN","2023-10-03",,"82",,"68"
"IN022023000","NEW DELHI PALAM, IN","2023-10-04",,"82","93","70"
"IN022023000","NEW DELHI PALAM, IN","2023-10-05",,"82","93",
"IN022023000","NEW DELHI PALAM, IN","2023-10-06",,"83",,"71"
"IN022023000","NEW DELHI PALAM, IN","2023-10-07",,"85","95","75"
"IN022023000","NEW DELHI PALAM, IN","2023-10-08",,"87",,"76"
"IN022023000","NEW DELHI PALAM, IN","2023-10-09",,"87","96","78"
"IN022023000","NEW DELHI PALAM, IN","2023-10-10",,"85","96",
"IN022023000","NEW DELHI PALAM, IN","2023-10-11",,"82",,
"IN022023000","NEW DELHI PALAM, IN","2023-10-12",,"81","93","69"
"IN022023000","NEW DELHI PALAM, IN","2023-10-13",,"83","96",
"IN022023000","NEW DELHI PALAM, IN","2023-10-14",,"84","96","74"
"IN022023000","NEW DELHI PALAM, IN","2023-10-15",,"82","96",
"IN022023000","NEW DELHI PALAM, IN","2023-10-16",,"75","92",
"IN022023000","NEW DELHI PALAM, IN","2023-10-17","0.16","72","84","65"
"IN022023000","NEW DELHI PALAM, IN","2023-10-18","0.00","75",,
"IN022023000","NEW DELHI PALAM, IN","2023-10-19",,"75","85","64"
"IN022023000","NEW DELHI PALAM, IN","2023-10-20",,"75",,
"IN022023000","NEW DELHI PALAM, IN","2023-10-21",,"75",,"66"
"IN022023000","NEW DELHI PALAM, IN","2023-10-22",,"76","87","66"
"IN022023000","NEW DELHI PALAM, IN","2023-10-23",,"76",,
"IN022023000","NEW DELHI PALAM, IN","2023-10-24",,"76","86","66"
"IN022023000","NEW DELHI PALAM, IN","2023-10-25",,"76","86","66"
"IN022023000","NEW DELHI PALAM, IN","2023-10-26",,"76",,"65"
"IN022023000","NEW DELHI PALAM, IN","2023-10-27",,"75","86","64"
"IN022023000","NEW DELHI PALAM, IN","2023-10-28",,"76",,"63"
"IN022023000","NEW DELHI PALAM, IN","2023-10-29",,"77","89",
"IN022023000","NEW DELHI PALAM, IN","2023-10-30",,"78",,
"IN022023000","NEW DELHI PALAM, IN","2023-10-31",,"77","89",
"IN022023000","NEW DELHI PALAM, IN","2023-11-01",,"76","89",
"IN022023000","NEW DELHI PALAM, IN","2023-11-02",,"75","87",
"IN022023000","NEW DELHI PALAM, IN","2023-11-03",,"74","85",
"IN022023000","NEW DELHI PALAM, IN","2023-11-04",,"73","84",
"IN022023000","NEW DELHI PALAM, IN","2023-11-05",,"74",,
"IN022023000","NEW DELHI PALAM, IN","2023-11-06",,"74",,
"IN022023000","NEW DELHI PALAM, IN","2023-11-07",,"75","86",
"IN022023000","NEW DELHI PALAM, IN","2023-11-08",,"75","86",
"IN022023000","NEW DELHI PALAM, IN","2023-11-09",,"75","87",
"IN022023000","NEW DELHI PALAM, IN","2023-11-10","0.12","68","86",
"IN022023000","NEW DELHI PALAM, IN","2023-11-11","0.12","68",,"61"
"IN022023000","NEW DELHI PALAM, IN","2023-11-12","0.00","67",,
"IN022023000","NEW DELHI PALAM, IN","2023-11-13",,"68",,
"IN022023000","NEW DELHI PALAM, IN","2023-11-14",,"67",,
"IN022023000","NEW DELHI PALAM, IN","2023-11-15",,"67",,
"IN022023000","NEW DELHI PALAM, IN","2023-11-16",,"66",,
"IN022023000","NEW DELHI PALAM, IN","2023-11-17",,"69","81",
"IN022023000","NEW DELHI PALAM, IN","2023-11-18",,"70","81",
"IN022023000","NEW DELHI PALAM, IN","2023-11-19",,"68","80",
"IN022023000","NEW DELHI PALAM, IN","2023-11-20",,"67","77",
"IN022023000","NEW DELHI PALAM, IN","2023-11-21",,"66","77",
"IN022023000","NEW DELHI PALAM, IN","2023-11-22",,"64","77",
"IN022023000","NEW DELHI PALAM, IN","2023-11-23",,"65",,"54"
"IN022023000","NEW DELHI PALAM, IN","2023-11-24",,"66",,
"IN022023000","NEW DELHI PALAM, IN","2023-11-25",,"65",,
"IN022023000","NEW DELHI PALAM, IN","2023-11-26",,"68",,
"IN022023000","NEW DELHI PALAM, IN","2023-11-27",,"66","78",
"IN022023000","NEW DELHI PALAM, IN","2023-11-28",,"64","69",
"IN022023000","NEW DELHI PALAM, IN","2023-11-29",,"66","75","58"
"IN022023000","NEW DELHI PALAM, IN","2023-11-30",,"67","75",
"IN022023000","NEW DELHI PALAM, IN","2023-12-01",,"67","75",
"IN022023000","NEW DELHI PALAM, IN","2023-12-02",,"63","75",
"IN022023000","NEW DELHI PALAM, IN","2023-12-03",,"67",,
"IN022023000","NEW DELHI PALAM, IN","2023-12-04","0.00","67","75",
"IN022023000","NEW DELHI PALAM, IN","2023-12-05","0.00","63",,
"IN022023000","NEW DELHI PALAM, IN","2023-12-06",,"64",,
"IN022023000","NEW DELHI PALAM, IN","2023-12-07",,"63",,"54"
"IN022023000","NEW DELHI PALAM, IN","2023-12-08",,"63",,"53"
"IN022023000","NEW DELHI PALAM, IN","2023-12-09",,"62",,
"IN022023000","NEW DELHI PALAM, IN","2023-12-10",,"61",,
"IN022023000","NEW DELHI PALAM, IN","2023-12-11",,"60",,"49"
"IN022023000","NEW DELHI PALAM, IN","2023-12-12",,"62",,
"IN022023000","NEW DELHI PALAM, IN","2023-12-13",,"62",,
"IN022023000","NEW DELHI PALAM, IN","2023-12-14",,"61",,
"IN022023000","NEW DELHI PALAM, IN","2023-12-15",,"60",,"48"
"IN022023000","NEW DELHI PALAM, IN","2023-12-16",,"60",,"48"
"IN022023000","NEW DELHI PALAM, IN","2023-12-17",,"61",,"50"
"IN022023000","NEW DELHI PALAM, IN","2023-12-18",,"59",,"49"
"IN022023000","NEW DELHI PALAM, IN","2023-12-19",,"58",,
"IN022023000","NEW DELHI PALAM, IN","2023-12-20",,"59","70",
"IN022023000","NEW DELHI PALAM, IN","2023-12-21",,"58",,
"IN022023000","NEW DELHI PALAM, IN","2023-12-22",,"59",,
"IN022023000","NEW DELHI PALAM, IN","2023-12-23",,"62",,
"IN022023000","NEW DELHI PALAM, IN","2023-12-24",,"62",,
"IN022023000","NEW DELHI PALAM, IN","2023-12-25",,"58",,
"IN022023000","NEW DELHI PALAM, IN","2023-12-26",,"58",,
"IN022023000","NEW DELHI PALAM, IN","2023-12-27",,"55","61","50"
"IN022023000","NEW DELHI PALAM, IN","2023-12-28",,"55",,"49"
"IN022023000","NEW DELHI PALAM, IN","2023-12-29",,"57","64","52"
"IN022023000","NEW DELHI PALAM, IN","2023-12-30",,"58","66","54"
"IN022023000","NEW DELHI PALAM, IN","2023-12-31",,"56","66",
"IN022023000","NEW DELHI PALAM, IN","2024-01-01",,"53","61",
"IN022023000","NEW DELHI PALAM, IN","2024-01-02",,"52","59","47"
"IN022023000","NEW DELHI PALAM, IN","2024-01-03",,"51","59",
"IN022023000","NEW DELHI PALAM, IN","2024-01-04",,"51","59","45"
"IN022023000","NEW DELHI PALAM, IN","2024-01-05",,"54",,"50"
"IN022023000","NEW DELHI PALAM, IN","2024-01-06",,"53",,
"IN022023000","NEW DELHI PALAM, IN","2024-01-07",,"53",,
"IN022023000","NEW DELHI PALAM, IN","2024-01-08",,"52","61","46"
"IN022023000","NEW DELHI PALAM, IN","2024-01-09",,"51","59",
"IN022023000","NEW DELHI PALAM, IN","2024-01-10",,"49","56","45"
"IN022023000","NEW DELHI PALAM, IN","2024-01-11",,"51",,
"IN022023000","NEW DELHI PALAM, IN","2024-01-12",,"51",,"41"
"IN022023000","NEW DELHI PALAM, IN","2024-01-13",,"52","64","42"
"IN022023000","NEW DELHI PALAM, IN","2024-01-14",,"51",,"43"
"IN022023000","NEW DELHI PALAM, IN","2024-01-15",,"51",,"40"
"IN022023000","NEW DELHI PALAM, IN","2024-01-16",,"50","65","42"
"IN022023000","NEW DELHI PALAM, IN","2024-01-17",,"52","65","42"
"IN022023000","NEW DELHI PALAM, IN","2024-01-18",,"50","64","44"
"IN022023000","NEW DELHI PALAM, IN","2024-01-19",,"51","63","44"
"IN022023000","NEW DELHI PALAM, IN","2024-01-20",,"52",,
"IN022023000","NEW DELHI PALAM, IN","2024-01-21",,"48",,"43"
"IN022023000","NEW DELHI PALAM, IN","2024-01-22",,"51","64","43"
"IN022023000","NEW DELHI PALAM, IN","2024-01-23",,"54","63","45"
"IN022023000","NEW DELHI PALAM, IN","2024-01-24",,"51","63",
"IN022023000","NEW DELHI PALAM, IN","2024-01-25",,"52","63","43"
"IN022023000","NEW DELHI PALAM, IN","2024-01-26",,"55",,
"IN022023000","NEW DELHI PALAM, IN","2024-01-27",,"58",,
"IN022023000","NEW DELHI PALAM, IN","2024-01-28",,"56","73","48"
"IN022023000","NEW DELHI PALAM, IN","2024-01-29",,"58",,"47"
"IN022023000","NEW DELHI PALAM, IN","2024-01-30",,"54","70","49"
"IN022023000","NEW DELHI PALAM, IN","2024-01-31",,"56","65","49"
"IN022023000","NEW DELHI PALAM, IN","2024-02-01","0.79","59","65",
"IN022023000","NEW DELHI PALAM, IN","2024-02-02","0.08","54","65",
"IN022023000","NEW DELHI PALAM, IN","2024-02-03","0.00","59","70","45"
"IN022023000","NEW DELHI PALAM, IN","2024-02-04","0.12","61","70","54"
"IN022023000","NEW DELHI PALAM, IN","2024-02-05","0.02","59","69",
